SET IDENTITY_INSERT [dbo].[Clima] ON 

INSERT [dbo].[Clima] ([id_clima], [id_fazenda], [id_safra], [precipitacao_mm], [temperatura_media], [umidade_media], [indice_seca], [ocorrencia_geada], [observacao], [data_cadastro]) VALUES (1, 1, 15, CAST(1520.50 AS Decimal(8, 2)), CAST(26.8 AS Decimal(4, 1)), CAST(72.40 AS Decimal(5, 2)), N'Baixo', N'Não', N'Condições climáticas favoráveis', CAST(N'2026-06-15T17:21:39.943' AS DateTime))
INSERT [dbo].[Clima] ([id_clima], [id_fazenda], [id_safra], [precipitacao_mm], [temperatura_media], [umidade_media], [indice_seca], [ocorrencia_geada], [observacao], [data_cadastro]) VALUES (2, 2, 15, CAST(1485.30 AS Decimal(8, 2)), CAST(27.1 AS Decimal(4, 1)), CAST(70.20 AS Decimal(5, 2)), N'Baixo', N'Não', N'Chuvas dentro da média', CAST(N'2026-06-15T17:21:39.943' AS DateTime))
INSERT [dbo].[Clima] ([id_clima], [id_fazenda], [id_safra], [precipitacao_mm], [temperatura_media], [umidade_media], [indice_seca], [ocorrencia_geada], [observacao], [data_cadastro]) VALUES (3, 3, 15, CAST(1390.80 AS Decimal(8, 2)), CAST(28.0 AS Decimal(4, 1)), CAST(66.50 AS Decimal(5, 2)), N'Moderado', N'Não', N'Período seco em fevereiro', CAST(N'2026-06-15T17:21:39.943' AS DateTime))
INSERT [dbo].[Clima] ([id_clima], [id_fazenda], [id_safra], [precipitacao_mm], [temperatura_media], [umidade_media], [indice_seca], [ocorrencia_geada], [observacao], [data_cadastro]) VALUES (4, 4, 15, CAST(1315.40 AS Decimal(8, 2)), CAST(25.7 AS Decimal(4, 1)), CAST(69.80 AS Decimal(5, 2)), N'Moderado', N'Não', N'Redução das chuvas no final da safra', CAST(N'2026-06-15T17:21:39.943' AS DateTime))
INSERT [dbo].[Clima] ([id_clima], [id_fazenda], [id_safra], [precipitacao_mm], [temperatura_media], [umidade_media], [indice_seca], [ocorrencia_geada], [observacao], [data_cadastro]) VALUES (5, 5, 15, CAST(1458.20 AS Decimal(8, 2)), CAST(24.9 AS Decimal(4, 1)), CAST(74.10 AS Decimal(5, 2)), N'Baixo', N'Não', N'Boa distribuição das chuvas', CAST(N'2026-06-15T17:21:39.943' AS DateTime))
INSERT [dbo].[Clima] ([id_clima], [id_fazenda], [id_safra], [precipitacao_mm], [temperatura_media], [umidade_media], [indice_seca], [ocorrencia_geada], [observacao], [data_cadastro]) VALUES (6, 6, 15, CAST(1180.00 AS Decimal(8, 2)), CAST(25.5 AS Decimal(4, 1)), CAST(61.30 AS Decimal(5, 2)), N'Alto', N'Não', N'Estresse hídrico moderado', CAST(N'2026-06-15T17:21:39.943' AS DateTime))
INSERT [dbo].[Clima] ([id_clima], [id_fazenda], [id_safra], [precipitacao_mm], [temperatura_media], [umidade_media], [indice_seca], [ocorrencia_geada], [observacao], [data_cadastro]) VALUES (7, 7, 15, CAST(1602.70 AS Decimal(8, 2)), CAST(26.4 AS Decimal(4, 1)), CAST(75.00 AS Decimal(5, 2)), N'Baixo', N'Não', N'Safra sem intercorrências', CAST(N'2026-06-15T17:21:39.943' AS DateTime))
INSERT [dbo].[Clima] ([id_clima], [id_fazenda], [id_safra], [precipitacao_mm], [temperatura_media], [umidade_media], [indice_seca], [ocorrencia_geada], [observacao], [data_cadastro]) VALUES (8, 8, 15, CAST(1555.20 AS Decimal(8, 2)), CAST(27.0 AS Decimal(4, 1)), CAST(73.60 AS Decimal(5, 2)), N'Baixo', N'Não', N'Condições excelentes', CAST(N'2026-06-15T17:21:39.943' AS DateTime))
INSERT [dbo].[Clima] ([id_clima], [id_fazenda], [id_safra], [precipitacao_mm], [temperatura_media], [umidade_media], [indice_seca], [ocorrencia_geada], [observacao], [data_cadastro]) VALUES (9, 9, 15, CAST(1275.60 AS Decimal(8, 2)), CAST(22.8 AS Decimal(4, 1)), CAST(68.40 AS Decimal(5, 2)), N'Moderado', N'Sim', N'Geada leve em julho', CAST(N'2026-06-15T17:21:39.943' AS DateTime))
INSERT [dbo].[Clima] ([id_clima], [id_fazenda], [id_safra], [precipitacao_mm], [temperatura_media], [umidade_media], [indice_seca], [ocorrencia_geada], [observacao], [data_cadastro]) VALUES (10, 10, 15, CAST(1492.30 AS Decimal(8, 2)), CAST(26.7 AS Decimal(4, 1)), CAST(71.90 AS Decimal(5, 2)), N'Baixo', N'Não', N'Clima estável', CAST(N'2026-06-15T17:21:39.943' AS DateTime))
INSERT [dbo].[Clima] ([id_clima], [id_fazenda], [id_safra], [precipitacao_mm], [temperatura_media], [umidade_media], [indice_seca], [ocorrencia_geada], [observacao], [data_cadastro]) VALUES (11, 11, 15, CAST(1510.90 AS Decimal(8, 2)), CAST(27.3 AS Decimal(4, 1)), CAST(72.80 AS Decimal(5, 2)), N'Baixo', N'Não', N'Boa umidade durante a safra', CAST(N'2026-06-15T17:21:39.943' AS DateTime))
INSERT [dbo].[Clima] ([id_clima], [id_fazenda], [id_safra], [precipitacao_mm], [temperatura_media], [umidade_media], [indice_seca], [ocorrencia_geada], [observacao], [data_cadastro]) VALUES (12, 12, 15, CAST(1225.70 AS Decimal(8, 2)), CAST(26.0 AS Decimal(4, 1)), CAST(63.20 AS Decimal(5, 2)), N'Alto', N'Não', N'Baixo volume de precipitação', CAST(N'2026-06-15T17:21:39.943' AS DateTime))
INSERT [dbo].[Clima] ([id_clima], [id_fazenda], [id_safra], [precipitacao_mm], [temperatura_media], [umidade_media], [indice_seca], [ocorrencia_geada], [observacao], [data_cadastro]) VALUES (13, 13, 15, CAST(1588.50 AS Decimal(8, 2)), CAST(27.1 AS Decimal(4, 1)), CAST(74.50 AS Decimal(5, 2)), N'Baixo', N'Não', N'Excelente regime de chuvas', CAST(N'2026-06-15T17:21:39.943' AS DateTime))
INSERT [dbo].[Clima] ([id_clima], [id_fazenda], [id_safra], [precipitacao_mm], [temperatura_media], [umidade_media], [indice_seca], [ocorrencia_geada], [observacao], [data_cadastro]) VALUES (14, 14, 15, CAST(1360.20 AS Decimal(8, 2)), CAST(25.2 AS Decimal(4, 1)), CAST(67.40 AS Decimal(5, 2)), N'Moderado', N'Não', N'Veranico em janeiro', CAST(N'2026-06-15T17:21:39.943' AS DateTime))
INSERT [dbo].[Clima] ([id_clima], [id_fazenda], [id_safra], [precipitacao_mm], [temperatura_media], [umidade_media], [indice_seca], [ocorrencia_geada], [observacao], [data_cadastro]) VALUES (15, 15, 15, CAST(1468.00 AS Decimal(8, 2)), CAST(24.8 AS Decimal(4, 1)), CAST(73.20 AS Decimal(5, 2)), N'Baixo', N'Não', N'Safra regular', CAST(N'2026-06-15T17:21:39.943' AS DateTime))
INSERT [dbo].[Clima] ([id_clima], [id_fazenda], [id_safra], [precipitacao_mm], [temperatura_media], [umidade_media], [indice_seca], [ocorrencia_geada], [observacao], [data_cadastro]) VALUES (16, 16, 15, CAST(1195.40 AS Decimal(8, 2)), CAST(25.4 AS Decimal(4, 1)), CAST(62.10 AS Decimal(5, 2)), N'Alto', N'Não', N'Seca prolongada em março', CAST(N'2026-06-15T17:21:39.943' AS DateTime))
INSERT [dbo].[Clima] ([id_clima], [id_fazenda], [id_safra], [precipitacao_mm], [temperatura_media], [umidade_media], [indice_seca], [ocorrencia_geada], [observacao], [data_cadastro]) VALUES (17, 17, 15, CAST(1540.60 AS Decimal(8, 2)), CAST(26.9 AS Decimal(4, 1)), CAST(74.90 AS Decimal(5, 2)), N'Baixo', N'Não', N'Condições favoráveis', CAST(N'2026-06-15T17:21:39.943' AS DateTime))
INSERT [dbo].[Clima] ([id_clima], [id_fazenda], [id_safra], [precipitacao_mm], [temperatura_media], [umidade_media], [indice_seca], [ocorrencia_geada], [observacao], [data_cadastro]) VALUES (18, 18, 15, CAST(1572.30 AS Decimal(8, 2)), CAST(27.2 AS Decimal(4, 1)), CAST(75.50 AS Decimal(5, 2)), N'Baixo', N'Não', N'Alta disponibilidade hídrica', CAST(N'2026-06-15T17:21:39.943' AS DateTime))
INSERT [dbo].[Clima] ([id_clima], [id_fazenda], [id_safra], [precipitacao_mm], [temperatura_media], [umidade_media], [indice_seca], [ocorrencia_geada], [observacao], [data_cadastro]) VALUES (19, 19, 15, CAST(1288.90 AS Decimal(8, 2)), CAST(22.5 AS Decimal(4, 1)), CAST(67.80 AS Decimal(5, 2)), N'Moderado', N'Sim', N'Ocorrência de geada fraca', CAST(N'2026-06-15T17:21:39.943' AS DateTime))
INSERT [dbo].[Clima] ([id_clima], [id_fazenda], [id_safra], [precipitacao_mm], [temperatura_media], [umidade_media], [indice_seca], [ocorrencia_geada], [observacao], [data_cadastro]) VALUES (20, 20, 15, CAST(1505.10 AS Decimal(8, 2)), CAST(26.6 AS Decimal(4, 1)), CAST(72.00 AS Decimal(5, 2)), N'Baixo', N'Não', N'Condições normais', CAST(N'2026-06-15T17:21:39.943' AS DateTime))
INSERT [dbo].[Clima] ([id_clima], [id_fazenda], [id_safra], [precipitacao_mm], [temperatura_media], [umidade_media], [indice_seca], [ocorrencia_geada], [observacao], [data_cadastro]) VALUES (21, 21, 15, CAST(1468.30 AS Decimal(8, 2)), CAST(26.5 AS Decimal(4, 1)), CAST(71.60 AS Decimal(5, 2)), N'Baixo', N'Não', N'Boa distribuição das chuvas', CAST(N'2026-06-15T21:37:56.683' AS DateTime))
INSERT [dbo].[Clima] ([id_clima], [id_fazenda], [id_safra], [precipitacao_mm], [temperatura_media], [umidade_media], [indice_seca], [ocorrencia_geada], [observacao], [data_cadastro]) VALUES (22, 22, 15, CAST(1242.50 AS Decimal(8, 2)), CAST(25.9 AS Decimal(4, 1)), CAST(64.80 AS Decimal(5, 2)), N'Moderado', N'Não', N'Chuvas abaixo da média em fevereiro', CAST(N'2026-06-15T21:37:56.683' AS DateTime))
INSERT [dbo].[Clima] ([id_clima], [id_fazenda], [id_safra], [precipitacao_mm], [temperatura_media], [umidade_media], [indice_seca], [ocorrencia_geada], [observacao], [data_cadastro]) VALUES (23, 23, 15, CAST(1187.90 AS Decimal(8, 2)), CAST(25.2 AS Decimal(4, 1)), CAST(61.50 AS Decimal(5, 2)), N'Alto', N'Não', N'Período prolongado de estiagem', CAST(N'2026-06-15T21:37:56.683' AS DateTime))
INSERT [dbo].[Clima] ([id_clima], [id_fazenda], [id_safra], [precipitacao_mm], [temperatura_media], [umidade_media], [indice_seca], [ocorrencia_geada], [observacao], [data_cadastro]) VALUES (24, 24, 15, CAST(1524.10 AS Decimal(8, 2)), CAST(27.0 AS Decimal(4, 1)), CAST(73.80 AS Decimal(5, 2)), N'Baixo', N'Não', N'Safra favorecida pelas chuvas', CAST(N'2026-06-15T21:37:56.683' AS DateTime))
INSERT [dbo].[Clima] ([id_clima], [id_fazenda], [id_safra], [precipitacao_mm], [temperatura_media], [umidade_media], [indice_seca], [ocorrencia_geada], [observacao], [data_cadastro]) VALUES (25, 25, 15, CAST(1588.70 AS Decimal(8, 2)), CAST(26.4 AS Decimal(4, 1)), CAST(75.20 AS Decimal(5, 2)), N'Baixo', N'Não', N'Excelente disponibilidade hídrica', CAST(N'2026-06-15T21:37:56.683' AS DateTime))
INSERT [dbo].[Clima] ([id_clima], [id_fazenda], [id_safra], [precipitacao_mm], [temperatura_media], [umidade_media], [indice_seca], [ocorrencia_geada], [observacao], [data_cadastro]) VALUES (26, 26, 15, CAST(1298.30 AS Decimal(8, 2)), CAST(24.8 AS Decimal(4, 1)), CAST(66.10 AS Decimal(5, 2)), N'Moderado', N'Não', N'Redução das chuvas no final da safra', CAST(N'2026-06-15T21:37:56.683' AS DateTime))
INSERT [dbo].[Clima] ([id_clima], [id_fazenda], [id_safra], [precipitacao_mm], [temperatura_media], [umidade_media], [indice_seca], [ocorrencia_geada], [observacao], [data_cadastro]) VALUES (27, 27, 15, CAST(1175.40 AS Decimal(8, 2)), CAST(25.5 AS Decimal(4, 1)), CAST(60.80 AS Decimal(5, 2)), N'Alto', N'Não', N'Estresse hídrico moderado', CAST(N'2026-06-15T21:37:56.683' AS DateTime))
INSERT [dbo].[Clima] ([id_clima], [id_fazenda], [id_safra], [precipitacao_mm], [temperatura_media], [umidade_media], [indice_seca], [ocorrencia_geada], [observacao], [data_cadastro]) VALUES (28, 28, 15, CAST(1490.60 AS Decimal(8, 2)), CAST(27.2 AS Decimal(4, 1)), CAST(72.50 AS Decimal(5, 2)), N'Baixo', N'Não', N'Condições climáticas favoráveis', CAST(N'2026-06-15T21:37:56.683' AS DateTime))
INSERT [dbo].[Clima] ([id_clima], [id_fazenda], [id_safra], [precipitacao_mm], [temperatura_media], [umidade_media], [indice_seca], [ocorrencia_geada], [observacao], [data_cadastro]) VALUES (29, 29, 15, CAST(1268.20 AS Decimal(8, 2)), CAST(22.9 AS Decimal(4, 1)), CAST(67.20 AS Decimal(5, 2)), N'Moderado', N'Sim', N'Geada leve registrada em julho', CAST(N'2026-06-15T21:37:56.683' AS DateTime))
INSERT [dbo].[Clima] ([id_clima], [id_fazenda], [id_safra], [precipitacao_mm], [temperatura_media], [umidade_media], [indice_seca], [ocorrencia_geada], [observacao], [data_cadastro]) VALUES (30, 30, 15, CAST(1546.80 AS Decimal(8, 2)), CAST(26.7 AS Decimal(4, 1)), CAST(74.30 AS Decimal(5, 2)), N'Baixo', N'Não', N'Boa umidade do solo', CAST(N'2026-06-15T21:37:56.683' AS DateTime))
INSERT [dbo].[Clima] ([id_clima], [id_fazenda], [id_safra], [precipitacao_mm], [temperatura_media], [umidade_media], [indice_seca], [ocorrencia_geada], [observacao], [data_cadastro]) VALUES (31, 1, 16, CAST(1388.40 AS Decimal(8, 2)), CAST(27.4 AS Decimal(4, 1)), CAST(68.70 AS Decimal(5, 2)), N'Moderado', N'Não', N'Início de safra com chuvas irregulares', CAST(N'2026-06-15T21:37:56.683' AS DateTime))
INSERT [dbo].[Clima] ([id_clima], [id_fazenda], [id_safra], [precipitacao_mm], [temperatura_media], [umidade_media], [indice_seca], [ocorrencia_geada], [observacao], [data_cadastro]) VALUES (32, 2, 16, CAST(1455.70 AS Decimal(8, 2)), CAST(27.1 AS Decimal(4, 1)), CAST(70.90 AS Decimal(5, 2)), N'Baixo', N'Não', N'Condições favoráveis ao plantio', CAST(N'2026-06-15T21:37:56.683' AS DateTime))
INSERT [dbo].[Clima] ([id_clima], [id_fazenda], [id_safra], [precipitacao_mm], [temperatura_media], [umidade_media], [indice_seca], [ocorrencia_geada], [observacao], [data_cadastro]) VALUES (33, 3, 16, CAST(1118.20 AS Decimal(8, 2)), CAST(28.3 AS Decimal(4, 1)), CAST(59.80 AS Decimal(5, 2)), N'Alto', N'Não', N'Déficit hídrico observado', CAST(N'2026-06-15T21:37:56.683' AS DateTime))
INSERT [dbo].[Clima] ([id_clima], [id_fazenda], [id_safra], [precipitacao_mm], [temperatura_media], [umidade_media], [indice_seca], [ocorrencia_geada], [observacao], [data_cadastro]) VALUES (34, 4, 16, CAST(1325.90 AS Decimal(8, 2)), CAST(25.6 AS Decimal(4, 1)), CAST(66.40 AS Decimal(5, 2)), N'Moderado', N'Não', N'Chuvas abaixo da média', CAST(N'2026-06-15T21:37:56.683' AS DateTime))
INSERT [dbo].[Clima] ([id_clima], [id_fazenda], [id_safra], [precipitacao_mm], [temperatura_media], [umidade_media], [indice_seca], [ocorrencia_geada], [observacao], [data_cadastro]) VALUES (35, 5, 16, CAST(1498.50 AS Decimal(8, 2)), CAST(24.7 AS Decimal(4, 1)), CAST(74.20 AS Decimal(5, 2)), N'Baixo', N'Não', N'Boa distribuição das precipitações', CAST(N'2026-06-15T21:37:56.683' AS DateTime))
INSERT [dbo].[Clima] ([id_clima], [id_fazenda], [id_safra], [precipitacao_mm], [temperatura_media], [umidade_media], [indice_seca], [ocorrencia_geada], [observacao], [data_cadastro]) VALUES (36, 6, 16, CAST(1097.60 AS Decimal(8, 2)), CAST(25.3 AS Decimal(4, 1)), CAST(58.90 AS Decimal(5, 2)), N'Alto', N'Não', N'Necessidade de irrigação complementar', CAST(N'2026-06-15T21:37:56.683' AS DateTime))
INSERT [dbo].[Clima] ([id_clima], [id_fazenda], [id_safra], [precipitacao_mm], [temperatura_media], [umidade_media], [indice_seca], [ocorrencia_geada], [observacao], [data_cadastro]) VALUES (37, 7, 16, CAST(1564.30 AS Decimal(8, 2)), CAST(26.5 AS Decimal(4, 1)), CAST(75.80 AS Decimal(5, 2)), N'Baixo', N'Não', N'Condições ideais', CAST(N'2026-06-15T21:37:56.683' AS DateTime))
INSERT [dbo].[Clima] ([id_clima], [id_fazenda], [id_safra], [precipitacao_mm], [temperatura_media], [umidade_media], [indice_seca], [ocorrencia_geada], [observacao], [data_cadastro]) VALUES (38, 8, 16, CAST(1512.90 AS Decimal(8, 2)), CAST(27.0 AS Decimal(4, 1)), CAST(73.90 AS Decimal(5, 2)), N'Baixo', N'Não', N'Boa umidade durante toda a safra', CAST(N'2026-06-15T21:37:56.683' AS DateTime))
INSERT [dbo].[Clima] ([id_clima], [id_fazenda], [id_safra], [precipitacao_mm], [temperatura_media], [umidade_media], [indice_seca], [ocorrencia_geada], [observacao], [data_cadastro]) VALUES (39, 9, 16, CAST(1210.50 AS Decimal(8, 2)), CAST(22.4 AS Decimal(4, 1)), CAST(65.60 AS Decimal(5, 2)), N'Moderado', N'Sim', N'Geada fraca sem grandes danos', CAST(N'2026-06-15T21:37:56.683' AS DateTime))
INSERT [dbo].[Clima] ([id_clima], [id_fazenda], [id_safra], [precipitacao_mm], [temperatura_media], [umidade_media], [indice_seca], [ocorrencia_geada], [observacao], [data_cadastro]) VALUES (40, 10, 16, CAST(1466.70 AS Decimal(8, 2)), CAST(26.8 AS Decimal(4, 1)), CAST(71.80 AS Decimal(5, 2)), N'Baixo', N'Não', N'Clima estável', CAST(N'2026-06-15T21:37:56.683' AS DateTime))
INSERT [dbo].[Clima] ([id_clima], [id_fazenda], [id_safra], [precipitacao_mm], [temperatura_media], [umidade_media], [indice_seca], [ocorrencia_geada], [observacao], [data_cadastro]) VALUES (41, 11, 16, CAST(1487.10 AS Decimal(8, 2)), CAST(27.3 AS Decimal(4, 1)), CAST(72.90 AS Decimal(5, 2)), N'Baixo', N'Não', N'Condições favoráveis', CAST(N'2026-06-15T21:37:56.683' AS DateTime))
INSERT [dbo].[Clima] ([id_clima], [id_fazenda], [id_safra], [precipitacao_mm], [temperatura_media], [umidade_media], [indice_seca], [ocorrencia_geada], [observacao], [data_cadastro]) VALUES (42, 12, 16, CAST(1154.80 AS Decimal(8, 2)), CAST(25.9 AS Decimal(4, 1)), CAST(60.70 AS Decimal(5, 2)), N'Alto', N'Não', N'Baixa precipitação acumulada', CAST(N'2026-06-15T21:37:56.683' AS DateTime))
INSERT [dbo].[Clima] ([id_clima], [id_fazenda], [id_safra], [precipitacao_mm], [temperatura_media], [umidade_media], [indice_seca], [ocorrencia_geada], [observacao], [data_cadastro]) VALUES (43, 13, 16, CAST(1577.40 AS Decimal(8, 2)), CAST(27.1 AS Decimal(4, 1)), CAST(74.80 AS Decimal(5, 2)), N'Baixo', N'Não', N'Excelente regime hídrico', CAST(N'2026-06-15T21:37:56.683' AS DateTime))
INSERT [dbo].[Clima] ([id_clima], [id_fazenda], [id_safra], [precipitacao_mm], [temperatura_media], [umidade_media], [indice_seca], [ocorrencia_geada], [observacao], [data_cadastro]) VALUES (44, 14, 16, CAST(1345.20 AS Decimal(8, 2)), CAST(25.1 AS Decimal(4, 1)), CAST(66.90 AS Decimal(5, 2)), N'Moderado', N'Não', N'Veranico em janeiro', CAST(N'2026-06-15T21:37:56.683' AS DateTime))
INSERT [dbo].[Clima] ([id_clima], [id_fazenda], [id_safra], [precipitacao_mm], [temperatura_media], [umidade_media], [indice_seca], [ocorrencia_geada], [observacao], [data_cadastro]) VALUES (45, 15, 16, CAST(1432.80 AS Decimal(8, 2)), CAST(24.9 AS Decimal(4, 1)), CAST(72.60 AS Decimal(5, 2)), N'Baixo', N'Não', N'Desenvolvimento satisfatório da cultura', CAST(N'2026-06-15T21:37:56.683' AS DateTime))
INSERT [dbo].[Clima] ([id_clima], [id_fazenda], [id_safra], [precipitacao_mm], [temperatura_media], [umidade_media], [indice_seca], [ocorrencia_geada], [observacao], [data_cadastro]) VALUES (46, 16, 16, CAST(1122.60 AS Decimal(8, 2)), CAST(25.4 AS Decimal(4, 1)), CAST(59.50 AS Decimal(5, 2)), N'Alto', N'Não', N'Seca prolongada em março', CAST(N'2026-06-15T21:37:56.683' AS DateTime))
INSERT [dbo].[Clima] ([id_clima], [id_fazenda], [id_safra], [precipitacao_mm], [temperatura_media], [umidade_media], [indice_seca], [ocorrencia_geada], [observacao], [data_cadastro]) VALUES (47, 17, 16, CAST(1528.90 AS Decimal(8, 2)), CAST(26.9 AS Decimal(4, 1)), CAST(74.50 AS Decimal(5, 2)), N'Baixo', N'Não', N'Condições adequadas', CAST(N'2026-06-15T21:37:56.683' AS DateTime))
INSERT [dbo].[Clima] ([id_clima], [id_fazenda], [id_safra], [precipitacao_mm], [temperatura_media], [umidade_media], [indice_seca], [ocorrencia_geada], [observacao], [data_cadastro]) VALUES (48, 18, 16, CAST(1556.20 AS Decimal(8, 2)), CAST(27.2 AS Decimal(4, 1)), CAST(75.10 AS Decimal(5, 2)), N'Baixo', N'Não', N'Boa disponibilidade de água', CAST(N'2026-06-15T21:37:56.683' AS DateTime))
INSERT [dbo].[Clima] ([id_clima], [id_fazenda], [id_safra], [precipitacao_mm], [temperatura_media], [umidade_media], [indice_seca], [ocorrencia_geada], [observacao], [data_cadastro]) VALUES (49, 19, 16, CAST(1235.70 AS Decimal(8, 2)), CAST(22.6 AS Decimal(4, 1)), CAST(66.80 AS Decimal(5, 2)), N'Moderado', N'Sim', N'Ocorrência de geada leve', CAST(N'2026-06-15T21:37:56.683' AS DateTime))
INSERT [dbo].[Clima] ([id_clima], [id_fazenda], [id_safra], [precipitacao_mm], [temperatura_media], [umidade_media], [indice_seca], [ocorrencia_geada], [observacao], [data_cadastro]) VALUES (50, 20, 16, CAST(1478.40 AS Decimal(8, 2)), CAST(26.7 AS Decimal(4, 1)), CAST(72.20 AS Decimal(5, 2)), N'Baixo', N'Não', N'Safra dentro da normalidade', CAST(N'2026-06-15T21:37:56.683' AS DateTime))
SET IDENTITY_INSERT [dbo].[Clima] OFF
GO
SET IDENTITY_INSERT [dbo].[Compradores] ON 

INSERT [dbo].[Compradores] ([id_comprador], [nome_empresa], [cnpj], [cidade], [estado], [segmento], [telefone], [email], [status_comprador], [data_cadastro]) VALUES (1, N'Cargill Agrícola S.A.', N'01234567000111', N'São Paulo', N'SP', N'Trading', N'1132345001', N'contato@cargill.com', N'Ativo', CAST(N'2026-06-15T20:19:15.043' AS DateTime))
INSERT [dbo].[Compradores] ([id_comprador], [nome_empresa], [cnpj], [cidade], [estado], [segmento], [telefone], [email], [status_comprador], [data_cadastro]) VALUES (2, N'Bunge Alimentos S.A.', N'02345678000122', N'São Paulo', N'SP', N'Trading', N'1132345002', N'contato@bunge.com', N'Ativo', CAST(N'2026-06-15T20:19:15.043' AS DateTime))
INSERT [dbo].[Compradores] ([id_comprador], [nome_empresa], [cnpj], [cidade], [estado], [segmento], [telefone], [email], [status_comprador], [data_cadastro]) VALUES (3, N'COFCO International Brasil', N'03456789000133', N'Santos', N'SP', N'Trading', N'1332345003', N'contato@cofco.com', N'Ativo', CAST(N'2026-06-15T20:19:15.043' AS DateTime))
INSERT [dbo].[Compradores] ([id_comprador], [nome_empresa], [cnpj], [cidade], [estado], [segmento], [telefone], [email], [status_comprador], [data_cadastro]) VALUES (4, N'Amaggi Exportação e Importação', N'04567890000144', N'Cuiabá', N'MT', N'Trading', N'6532345004', N'contato@amaggi.com.br', N'Ativo', CAST(N'2026-06-15T20:19:15.043' AS DateTime))
INSERT [dbo].[Compradores] ([id_comprador], [nome_empresa], [cnpj], [cidade], [estado], [segmento], [telefone], [email], [status_comprador], [data_cadastro]) VALUES (5, N'Louis Dreyfus Company Brasil', N'05678901000155', N'São Paulo', N'SP', N'Trading', N'1132345005', N'contato@ldc.com', N'Ativo', CAST(N'2026-06-15T20:19:15.043' AS DateTime))
INSERT [dbo].[Compradores] ([id_comprador], [nome_empresa], [cnpj], [cidade], [estado], [segmento], [telefone], [email], [status_comprador], [data_cadastro]) VALUES (6, N'Coamo Agroindustrial Cooperativa', N'06789012000166', N'Campo Mourão', N'PR', N'Cooperativa', N'4432345006', N'contato@coamo.com.br', N'Ativo', CAST(N'2026-06-15T20:19:15.043' AS DateTime))
INSERT [dbo].[Compradores] ([id_comprador], [nome_empresa], [cnpj], [cidade], [estado], [segmento], [telefone], [email], [status_comprador], [data_cadastro]) VALUES (7, N'Nestlé Brasil Ltda', N'07890123000177', N'Araras', N'SP', N'Indústria Alimentícia', N'1932345007', N'contato@nestle.com', N'Ativo', CAST(N'2026-06-15T20:19:15.043' AS DateTime))
INSERT [dbo].[Compradores] ([id_comprador], [nome_empresa], [cnpj], [cidade], [estado], [segmento], [telefone], [email], [status_comprador], [data_cadastro]) VALUES (8, N'BRF S.A.', N'08901234000188', N'Curitiba', N'PR', N'Indústria Alimentícia', N'4132345008', N'contato@brf.com.br', N'Ativo', CAST(N'2026-06-15T20:19:15.043' AS DateTime))
INSERT [dbo].[Compradores] ([id_comprador], [nome_empresa], [cnpj], [cidade], [estado], [segmento], [telefone], [email], [status_comprador], [data_cadastro]) VALUES (9, N'JBS S.A.', N'09012345000199', N'São Paulo', N'SP', N'Indústria Alimentícia', N'1132345009', N'contato@jbs.com.br', N'Ativo', CAST(N'2026-06-15T20:19:15.043' AS DateTime))
INSERT [dbo].[Compradores] ([id_comprador], [nome_empresa], [cnpj], [cidade], [estado], [segmento], [telefone], [email], [status_comprador], [data_cadastro]) VALUES (10, N'Raízen S.A.', N'10123456000110', N'Piracicaba', N'SP', N'Bioenergia', N'1932345010', N'contato@raizen.com', N'Ativo', CAST(N'2026-06-15T20:19:15.043' AS DateTime))
INSERT [dbo].[Compradores] ([id_comprador], [nome_empresa], [cnpj], [cidade], [estado], [segmento], [telefone], [email], [status_comprador], [data_cadastro]) VALUES (11, N'SLC Agrícola S.A.', N'11234567000121', N'Porto Alegre', N'RS', N'Produção Agrícola', N'5132345011', N'contato@slcagricola.com.br', N'Ativo', CAST(N'2026-06-15T20:19:15.043' AS DateTime))
INSERT [dbo].[Compradores] ([id_comprador], [nome_empresa], [cnpj], [cidade], [estado], [segmento], [telefone], [email], [status_comprador], [data_cadastro]) VALUES (12, N'C.Vale Cooperativa Agroindustrial', N'12345678000132', N'Palotina', N'PR', N'Cooperativa', N'4432345012', N'contato@cvale.com.br', N'Ativo', CAST(N'2026-06-15T20:19:15.043' AS DateTime))
INSERT [dbo].[Compradores] ([id_comprador], [nome_empresa], [cnpj], [cidade], [estado], [segmento], [telefone], [email], [status_comprador], [data_cadastro]) VALUES (13, N'Copersucar S.A.', N'13456789000143', N'São Paulo', N'SP', N'Bioenergia', N'1132345013', N'contato@copersucar.com.br', N'Ativo', CAST(N'2026-06-15T20:19:15.043' AS DateTime))
INSERT [dbo].[Compradores] ([id_comprador], [nome_empresa], [cnpj], [cidade], [estado], [segmento], [telefone], [email], [status_comprador], [data_cadastro]) VALUES (14, N'ADM do Brasil Ltda', N'14567890000154', N'Rondonópolis', N'MT', N'Trading', N'6632345014', N'contato@adm.com', N'Ativo', CAST(N'2026-06-15T20:19:15.043' AS DateTime))
INSERT [dbo].[Compradores] ([id_comprador], [nome_empresa], [cnpj], [cidade], [estado], [segmento], [telefone], [email], [status_comprador], [data_cadastro]) VALUES (15, N'Caramuru Alimentos S.A.', N'15678901000165', N'Itumbiara', N'GO', N'Indústria Alimentícia', N'6432345015', N'contato@caramuru.com.br', N'Ativo', CAST(N'2026-06-15T20:19:15.043' AS DateTime))
INSERT [dbo].[Compradores] ([id_comprador], [nome_empresa], [cnpj], [cidade], [estado], [segmento], [telefone], [email], [status_comprador], [data_cadastro]) VALUES (16, N'Frísia Cooperativa Agroindustrial', N'16789012000176', N'Carambeí', N'PR', N'Cooperativa', N'4232345016', N'contato@frisia.coop.br', N'Ativo', CAST(N'2026-06-15T20:19:15.043' AS DateTime))
INSERT [dbo].[Compradores] ([id_comprador], [nome_empresa], [cnpj], [cidade], [estado], [segmento], [telefone], [email], [status_comprador], [data_cadastro]) VALUES (17, N'Minerva Foods', N'17890123000187', N'Barretos', N'SP', N'Indústria Alimentícia', N'1732345017', N'contato@minervafoods.com', N'Ativo', CAST(N'2026-06-15T20:19:15.043' AS DateTime))
INSERT [dbo].[Compradores] ([id_comprador], [nome_empresa], [cnpj], [cidade], [estado], [segmento], [telefone], [email], [status_comprador], [data_cadastro]) VALUES (18, N'Tereos Açúcar e Energia Brasil', N'18901234000198', N'Olímpia', N'SP', N'Bioenergia', N'1732345018', N'contato@tereos.com', N'Ativo', CAST(N'2026-06-15T20:19:15.043' AS DateTime))
INSERT [dbo].[Compradores] ([id_comprador], [nome_empresa], [cnpj], [cidade], [estado], [segmento], [telefone], [email], [status_comprador], [data_cadastro]) VALUES (19, N'LDC Commodities Brasil', N'19012345000109', N'Santos', N'SP', N'Trading', N'1332345019', N'contato@ldc.com', N'Ativo', CAST(N'2026-06-15T20:19:15.043' AS DateTime))
INSERT [dbo].[Compradores] ([id_comprador], [nome_empresa], [cnpj], [cidade], [estado], [segmento], [telefone], [email], [status_comprador], [data_cadastro]) VALUES (20, N'Coopavel Cooperativa Agroindustrial', N'20123456000120', N'Cascavel', N'PR', N'Cooperativa', N'4532345020', N'contato@coopavel.com.br', N'Ativo', CAST(N'2026-06-15T20:19:15.043' AS DateTime))
SET IDENTITY_INSERT [dbo].[Compradores] OFF
GO
SET IDENTITY_INSERT [dbo].[Culturas] ON 

INSERT [dbo].[Culturas] ([id_cultura], [nome_cultura], [categoria_cultura], [unidade_medida], [ciclo_medio_dias], [status_cultura], [data_cadastro]) VALUES (1, N'Soja', N'Grãos', N'Sacas', 120, N'Ativa', CAST(N'2026-06-15T15:33:39.930' AS DateTime))
INSERT [dbo].[Culturas] ([id_cultura], [nome_cultura], [categoria_cultura], [unidade_medida], [ciclo_medio_dias], [status_cultura], [data_cadastro]) VALUES (2, N'Milho', N'Grãos', N'Sacas', 140, N'Ativa', CAST(N'2026-06-15T15:33:39.930' AS DateTime))
INSERT [dbo].[Culturas] ([id_cultura], [nome_cultura], [categoria_cultura], [unidade_medida], [ciclo_medio_dias], [status_cultura], [data_cadastro]) VALUES (3, N'Café', N'Grãos', N'Sacas', 270, N'Ativa', CAST(N'2026-06-15T15:33:39.930' AS DateTime))
INSERT [dbo].[Culturas] ([id_cultura], [nome_cultura], [categoria_cultura], [unidade_medida], [ciclo_medio_dias], [status_cultura], [data_cadastro]) VALUES (4, N'Algodão', N'Fibra', N'Arrobas', 180, N'Ativa', CAST(N'2026-06-15T15:33:39.930' AS DateTime))
INSERT [dbo].[Culturas] ([id_cultura], [nome_cultura], [categoria_cultura], [unidade_medida], [ciclo_medio_dias], [status_cultura], [data_cadastro]) VALUES (5, N'Cana-de-açúcar', N'Energética', N'Toneladas', 365, N'Ativa', CAST(N'2026-06-15T15:33:39.930' AS DateTime))
INSERT [dbo].[Culturas] ([id_cultura], [nome_cultura], [categoria_cultura], [unidade_medida], [ciclo_medio_dias], [status_cultura], [data_cadastro]) VALUES (6, N'Feijão', N'Grãos', N'Sacas', 90, N'Inativa', CAST(N'2026-06-15T15:33:39.930' AS DateTime))
INSERT [dbo].[Culturas] ([id_cultura], [nome_cultura], [categoria_cultura], [unidade_medida], [ciclo_medio_dias], [status_cultura], [data_cadastro]) VALUES (7, N'Trigo', N'Grãos', N'Sacas', 130, N'Ativa', CAST(N'2026-06-15T15:33:39.930' AS DateTime))
INSERT [dbo].[Culturas] ([id_cultura], [nome_cultura], [categoria_cultura], [unidade_medida], [ciclo_medio_dias], [status_cultura], [data_cadastro]) VALUES (8, N'Sorgo', N'Grãos', N'Sacas', 115, N'Inativa', CAST(N'2026-06-15T15:33:39.930' AS DateTime))
INSERT [dbo].[Culturas] ([id_cultura], [nome_cultura], [categoria_cultura], [unidade_medida], [ciclo_medio_dias], [status_cultura], [data_cadastro]) VALUES (9, N'Girassol', N'Oleaginosa', N'Sacas', 110, N'Ativa', CAST(N'2026-06-15T15:33:39.930' AS DateTime))
INSERT [dbo].[Culturas] ([id_cultura], [nome_cultura], [categoria_cultura], [unidade_medida], [ciclo_medio_dias], [status_cultura], [data_cadastro]) VALUES (10, N'Amendoim', N'Oleaginosa', N'Sacas', 125, N'Inativa', CAST(N'2026-06-15T15:33:39.930' AS DateTime))
INSERT [dbo].[Culturas] ([id_cultura], [nome_cultura], [categoria_cultura], [unidade_medida], [ciclo_medio_dias], [status_cultura], [data_cadastro]) VALUES (11, N'Arroz', N'Grãos', N'Sacas', 135, N'Ativa', CAST(N'2026-06-15T15:33:39.930' AS DateTime))
INSERT [dbo].[Culturas] ([id_cultura], [nome_cultura], [categoria_cultura], [unidade_medida], [ciclo_medio_dias], [status_cultura], [data_cadastro]) VALUES (12, N'Aveia', N'Grãos', N'Sacas', 115, N'Ativa', CAST(N'2026-06-15T15:33:39.930' AS DateTime))
INSERT [dbo].[Culturas] ([id_cultura], [nome_cultura], [categoria_cultura], [unidade_medida], [ciclo_medio_dias], [status_cultura], [data_cadastro]) VALUES (13, N'Cevada', N'Grãos', N'Sacas', 125, N'Ativa', CAST(N'2026-06-15T15:33:39.930' AS DateTime))
INSERT [dbo].[Culturas] ([id_cultura], [nome_cultura], [categoria_cultura], [unidade_medida], [ciclo_medio_dias], [status_cultura], [data_cadastro]) VALUES (14, N'Mandioca', N'Raiz', N'Toneladas', 300, N'Ativa', CAST(N'2026-06-15T15:33:39.930' AS DateTime))
INSERT [dbo].[Culturas] ([id_cultura], [nome_cultura], [categoria_cultura], [unidade_medida], [ciclo_medio_dias], [status_cultura], [data_cadastro]) VALUES (15, N'Batata', N'Tubérculo', N'Toneladas', 110, N'Ativa', CAST(N'2026-06-15T15:33:39.930' AS DateTime))
INSERT [dbo].[Culturas] ([id_cultura], [nome_cultura], [categoria_cultura], [unidade_medida], [ciclo_medio_dias], [status_cultura], [data_cadastro]) VALUES (16, N'Tomate', N'Hortaliça', N'Caixas', 120, N'Ativa', CAST(N'2026-06-15T15:33:39.930' AS DateTime))
INSERT [dbo].[Culturas] ([id_cultura], [nome_cultura], [categoria_cultura], [unidade_medida], [ciclo_medio_dias], [status_cultura], [data_cadastro]) VALUES (17, N'Laranja', N'Fruticultura', N'Toneladas', 330, N'Inativa', CAST(N'2026-06-15T15:33:39.930' AS DateTime))
INSERT [dbo].[Culturas] ([id_cultura], [nome_cultura], [categoria_cultura], [unidade_medida], [ciclo_medio_dias], [status_cultura], [data_cadastro]) VALUES (18, N'Uva', N'Fruticultura', N'Toneladas', 160, N'Ativa', CAST(N'2026-06-15T15:33:39.930' AS DateTime))
INSERT [dbo].[Culturas] ([id_cultura], [nome_cultura], [categoria_cultura], [unidade_medida], [ciclo_medio_dias], [status_cultura], [data_cadastro]) VALUES (19, N'Cacau', N'Fruticultura', N'Arrobas', 210, N'Ativa', CAST(N'2026-06-15T15:33:39.930' AS DateTime))
INSERT [dbo].[Culturas] ([id_cultura], [nome_cultura], [categoria_cultura], [unidade_medida], [ciclo_medio_dias], [status_cultura], [data_cadastro]) VALUES (20, N'Ervilha', N'Grãos', N'Sacas', 95, N'Ativa', CAST(N'2026-06-15T15:33:39.930' AS DateTime))
INSERT [dbo].[Culturas] ([id_cultura], [nome_cultura], [categoria_cultura], [unidade_medida], [ciclo_medio_dias], [status_cultura], [data_cadastro]) VALUES (21, N'Mamona', N'Oleaginosa', N'Sacas', 150, N'Ativa', CAST(N'2026-06-15T15:33:39.930' AS DateTime))
INSERT [dbo].[Culturas] ([id_cultura], [nome_cultura], [categoria_cultura], [unidade_medida], [ciclo_medio_dias], [status_cultura], [data_cadastro]) VALUES (22, N'Tabaco', N'Industrial', N'Arrobas', 180, N'Inativa', CAST(N'2026-06-15T15:33:39.930' AS DateTime))
SET IDENTITY_INSERT [dbo].[Culturas] OFF
GO
SET IDENTITY_INSERT [dbo].[Fazendas] ON 

INSERT [dbo].[Fazendas] ([id_fazenda], [nome_fazenda], [cidade], [estado], [status_fazenda], [id_produtor], [area_hectares], [latitude], [longitude], [altitude_metros], [data_aquisicao], [data_cadastro]) VALUES (1, N'Fazenda Boa Esperança', N'Sorriso', N'MT', N'Ativo', 1, CAST(850.00 AS Decimal(10, 2)), CAST(-12.542300 AS Decimal(9, 6)), CAST(-55.721100 AS Decimal(9, 6)), 385, CAST(N'2011-03-15' AS Date), CAST(N'2026-06-15T12:17:10.530' AS DateTime))
INSERT [dbo].[Fazendas] ([id_fazenda], [nome_fazenda], [cidade], [estado], [status_fazenda], [id_produtor], [area_hectares], [latitude], [longitude], [altitude_metros], [data_aquisicao], [data_cadastro]) VALUES (2, N'Fazenda Santa Helena', N'Sinop', N'MT', N'Inativo', 1, CAST(420.50 AS Decimal(10, 2)), CAST(-11.863400 AS Decimal(9, 6)), CAST(-55.503200 AS Decimal(9, 6)), 372, CAST(N'2014-07-18' AS Date), CAST(N'2026-06-15T12:17:10.530' AS DateTime))
INSERT [dbo].[Fazendas] ([id_fazenda], [nome_fazenda], [cidade], [estado], [status_fazenda], [id_produtor], [area_hectares], [latitude], [longitude], [altitude_metros], [data_aquisicao], [data_cadastro]) VALUES (3, N'Fazenda Primavera', N'Lucas do Rio Verde', N'MT', N'Ativo', 2, CAST(1500.00 AS Decimal(10, 2)), CAST(-13.056700 AS Decimal(9, 6)), CAST(-55.904100 AS Decimal(9, 6)), 398, CAST(N'2009-11-22' AS Date), CAST(N'2026-06-15T12:17:10.530' AS DateTime))
INSERT [dbo].[Fazendas] ([id_fazenda], [nome_fazenda], [cidade], [estado], [status_fazenda], [id_produtor], [area_hectares], [latitude], [longitude], [altitude_metros], [data_aquisicao], [data_cadastro]) VALUES (4, N'Fazenda Recanto Verde', N'Rio Verde', N'GO', N'Ativo', 3, CAST(650.75 AS Decimal(10, 2)), CAST(-17.789400 AS Decimal(9, 6)), CAST(-50.918500 AS Decimal(9, 6)), 715, CAST(N'2013-05-10' AS Date), CAST(N'2026-06-15T12:17:10.530' AS DateTime))
INSERT [dbo].[Fazendas] ([id_fazenda], [nome_fazenda], [cidade], [estado], [status_fazenda], [id_produtor], [area_hectares], [latitude], [longitude], [altitude_metros], [data_aquisicao], [data_cadastro]) VALUES (5, N'Fazenda Bela Vista', N'Jataí', N'GO', N'Ativo', 4, CAST(920.20 AS Decimal(10, 2)), CAST(-17.883600 AS Decimal(9, 6)), CAST(-51.714100 AS Decimal(9, 6)), 842, CAST(N'2016-02-08' AS Date), CAST(N'2026-06-15T12:17:10.530' AS DateTime))
INSERT [dbo].[Fazendas] ([id_fazenda], [nome_fazenda], [cidade], [estado], [status_fazenda], [id_produtor], [area_hectares], [latitude], [longitude], [altitude_metros], [data_aquisicao], [data_cadastro]) VALUES (6, N'Fazenda Horizonte', N'Patrocínio', N'MG', N'Ativo', 5, CAST(780.00 AS Decimal(10, 2)), CAST(-18.943600 AS Decimal(9, 6)), CAST(-46.992800 AS Decimal(9, 6)), 975, CAST(N'2012-10-03' AS Date), CAST(N'2026-06-15T12:17:10.530' AS DateTime))
INSERT [dbo].[Fazendas] ([id_fazenda], [nome_fazenda], [cidade], [estado], [status_fazenda], [id_produtor], [area_hectares], [latitude], [longitude], [altitude_metros], [data_aquisicao], [data_cadastro]) VALUES (7, N'Fazenda Vale do Sol', N'Uberlândia', N'MG', N'Ativo', 6, CAST(1120.40 AS Decimal(10, 2)), CAST(-18.914100 AS Decimal(9, 6)), CAST(-48.275400 AS Decimal(9, 6)), 863, CAST(N'2010-04-25' AS Date), CAST(N'2026-06-15T12:17:10.530' AS DateTime))
INSERT [dbo].[Fazendas] ([id_fazenda], [nome_fazenda], [cidade], [estado], [status_fazenda], [id_produtor], [area_hectares], [latitude], [longitude], [altitude_metros], [data_aquisicao], [data_cadastro]) VALUES (8, N'Fazenda São Miguel', N'Luís Eduardo Magalhães', N'BA', N'Ativo', 7, CAST(2300.00 AS Decimal(10, 2)), CAST(-12.089500 AS Decimal(9, 6)), CAST(-45.785100 AS Decimal(9, 6)), 760, CAST(N'2008-09-12' AS Date), CAST(N'2026-06-15T12:17:10.530' AS DateTime))
INSERT [dbo].[Fazendas] ([id_fazenda], [nome_fazenda], [cidade], [estado], [status_fazenda], [id_produtor], [area_hectares], [latitude], [longitude], [altitude_metros], [data_aquisicao], [data_cadastro]) VALUES (9, N'Fazenda Novo Horizonte', N'Cascavel', N'PR', N'Inativo', 8, CAST(530.00 AS Decimal(10, 2)), CAST(-24.955500 AS Decimal(9, 6)), CAST(-53.455200 AS Decimal(9, 6)), 782, CAST(N'2015-08-19' AS Date), CAST(N'2026-06-15T12:17:10.530' AS DateTime))
INSERT [dbo].[Fazendas] ([id_fazenda], [nome_fazenda], [cidade], [estado], [status_fazenda], [id_produtor], [area_hectares], [latitude], [longitude], [altitude_metros], [data_aquisicao], [data_cadastro]) VALUES (10, N'Fazenda Campo Verde', N'Ribeirão Preto', N'SP', N'Ativo', 9, CAST(410.25 AS Decimal(10, 2)), CAST(-21.177500 AS Decimal(9, 6)), CAST(-47.810300 AS Decimal(9, 6)), 546, CAST(N'2017-06-28' AS Date), CAST(N'2026-06-15T12:17:10.530' AS DateTime))
INSERT [dbo].[Fazendas] ([id_fazenda], [nome_fazenda], [cidade], [estado], [status_fazenda], [id_produtor], [area_hectares], [latitude], [longitude], [altitude_metros], [data_aquisicao], [data_cadastro]) VALUES (11, N'Fazenda Água Limpa', N'Sorriso', N'MT', N'Ativo', 10, CAST(970.00 AS Decimal(10, 2)), CAST(-12.475300 AS Decimal(9, 6)), CAST(-55.785400 AS Decimal(9, 6)), 401, CAST(N'2011-12-11' AS Date), CAST(N'2026-06-15T12:17:10.530' AS DateTime))
INSERT [dbo].[Fazendas] ([id_fazenda], [nome_fazenda], [cidade], [estado], [status_fazenda], [id_produtor], [area_hectares], [latitude], [longitude], [altitude_metros], [data_aquisicao], [data_cadastro]) VALUES (12, N'Fazenda Santa Clara', N'Sinop', N'MT', N'Inativo', 11, CAST(690.80 AS Decimal(10, 2)), CAST(-11.850100 AS Decimal(9, 6)), CAST(-55.490600 AS Decimal(9, 6)), 365, CAST(N'2013-04-04' AS Date), CAST(N'2026-06-15T12:17:10.530' AS DateTime))
INSERT [dbo].[Fazendas] ([id_fazenda], [nome_fazenda], [cidade], [estado], [status_fazenda], [id_produtor], [area_hectares], [latitude], [longitude], [altitude_metros], [data_aquisicao], [data_cadastro]) VALUES (13, N'Fazenda Vitória', N'Lucas do Rio Verde', N'MT', N'Ativo', 12, CAST(1240.00 AS Decimal(10, 2)), CAST(-13.020100 AS Decimal(9, 6)), CAST(-55.920500 AS Decimal(9, 6)), 415, CAST(N'2014-11-17' AS Date), CAST(N'2026-06-15T12:17:10.530' AS DateTime))
INSERT [dbo].[Fazendas] ([id_fazenda], [nome_fazenda], [cidade], [estado], [status_fazenda], [id_produtor], [area_hectares], [latitude], [longitude], [altitude_metros], [data_aquisicao], [data_cadastro]) VALUES (14, N'Fazenda São José', N'Rio Verde', N'GO', N'Inativo', 13, CAST(810.60 AS Decimal(10, 2)), CAST(-17.821400 AS Decimal(9, 6)), CAST(-50.906100 AS Decimal(9, 6)), 708, CAST(N'2012-02-21' AS Date), CAST(N'2026-06-15T12:17:10.530' AS DateTime))
INSERT [dbo].[Fazendas] ([id_fazenda], [nome_fazenda], [cidade], [estado], [status_fazenda], [id_produtor], [area_hectares], [latitude], [longitude], [altitude_metros], [data_aquisicao], [data_cadastro]) VALUES (15, N'Fazenda Monte Alegre', N'Jataí', N'GO', N'Ativo', 14, CAST(950.30 AS Decimal(10, 2)), CAST(-17.872500 AS Decimal(9, 6)), CAST(-51.705400 AS Decimal(9, 6)), 856, CAST(N'2018-07-06' AS Date), CAST(N'2026-06-15T12:17:10.530' AS DateTime))
INSERT [dbo].[Fazendas] ([id_fazenda], [nome_fazenda], [cidade], [estado], [status_fazenda], [id_produtor], [area_hectares], [latitude], [longitude], [altitude_metros], [data_aquisicao], [data_cadastro]) VALUES (16, N'Fazenda Esperança do Sul', N'Patrocínio', N'MG', N'Ativo', 15, CAST(560.00 AS Decimal(10, 2)), CAST(-18.926800 AS Decimal(9, 6)), CAST(-46.970200 AS Decimal(9, 6)), 988, CAST(N'2011-08-15' AS Date), CAST(N'2026-06-15T12:17:10.530' AS DateTime))
INSERT [dbo].[Fazendas] ([id_fazenda], [nome_fazenda], [cidade], [estado], [status_fazenda], [id_produtor], [area_hectares], [latitude], [longitude], [altitude_metros], [data_aquisicao], [data_cadastro]) VALUES (17, N'Fazenda Rio Dourado', N'Uberlândia', N'MG', N'Ativo', 16, CAST(1350.00 AS Decimal(10, 2)), CAST(-18.900400 AS Decimal(9, 6)), CAST(-48.291500 AS Decimal(9, 6)), 874, CAST(N'2009-06-30' AS Date), CAST(N'2026-06-15T12:17:10.530' AS DateTime))
INSERT [dbo].[Fazendas] ([id_fazenda], [nome_fazenda], [cidade], [estado], [status_fazenda], [id_produtor], [area_hectares], [latitude], [longitude], [altitude_metros], [data_aquisicao], [data_cadastro]) VALUES (18, N'Fazenda Santa Luzia', N'Luís Eduardo Magalhães', N'BA', N'Inativo', 17, CAST(2150.00 AS Decimal(10, 2)), CAST(-12.074300 AS Decimal(9, 6)), CAST(-45.771800 AS Decimal(9, 6)), 755, CAST(N'2007-05-13' AS Date), CAST(N'2026-06-15T12:17:10.530' AS DateTime))
INSERT [dbo].[Fazendas] ([id_fazenda], [nome_fazenda], [cidade], [estado], [status_fazenda], [id_produtor], [area_hectares], [latitude], [longitude], [altitude_metros], [data_aquisicao], [data_cadastro]) VALUES (19, N'Fazenda Paraíso', N'Cascavel', N'PR', N'Ativo', 18, CAST(610.00 AS Decimal(10, 2)), CAST(-24.941800 AS Decimal(9, 6)), CAST(-53.463100 AS Decimal(9, 6)), 768, CAST(N'2016-09-22' AS Date), CAST(N'2026-06-15T12:17:10.530' AS DateTime))
INSERT [dbo].[Fazendas] ([id_fazenda], [nome_fazenda], [cidade], [estado], [status_fazenda], [id_produtor], [area_hectares], [latitude], [longitude], [altitude_metros], [data_aquisicao], [data_cadastro]) VALUES (20, N'Fazenda Estrela do Oeste', N'Ribeirão Preto', N'SP', N'Inativo', 19, CAST(485.00 AS Decimal(10, 2)), CAST(-21.190400 AS Decimal(9, 6)), CAST(-47.825600 AS Decimal(9, 6)), 552, CAST(N'2019-01-14' AS Date), CAST(N'2026-06-15T12:17:10.530' AS DateTime))
INSERT [dbo].[Fazendas] ([id_fazenda], [nome_fazenda], [cidade], [estado], [status_fazenda], [id_produtor], [area_hectares], [latitude], [longitude], [altitude_metros], [data_aquisicao], [data_cadastro]) VALUES (21, N'Fazenda Serra Azul', N'Sorriso', N'MT', N'Ativo', 20, CAST(785.40 AS Decimal(10, 2)), CAST(-12.534100 AS Decimal(9, 6)), CAST(-55.738500 AS Decimal(9, 6)), 390, CAST(N'2012-09-14' AS Date), CAST(N'2026-06-15T12:55:33.560' AS DateTime))
INSERT [dbo].[Fazendas] ([id_fazenda], [nome_fazenda], [cidade], [estado], [status_fazenda], [id_produtor], [area_hectares], [latitude], [longitude], [altitude_metros], [data_aquisicao], [data_cadastro]) VALUES (22, N'Fazenda Vista Alegre', N'Sinop', N'MT', N'Ativo', 21, CAST(630.80 AS Decimal(10, 2)), CAST(-11.857900 AS Decimal(9, 6)), CAST(-55.478300 AS Decimal(9, 6)), 368, CAST(N'2015-03-27' AS Date), CAST(N'2026-06-15T12:55:33.560' AS DateTime))
INSERT [dbo].[Fazendas] ([id_fazenda], [nome_fazenda], [cidade], [estado], [status_fazenda], [id_produtor], [area_hectares], [latitude], [longitude], [altitude_metros], [data_aquisicao], [data_cadastro]) VALUES (23, N'Fazenda Ouro Verde', N'Lucas do Rio Verde', N'MT', N'Ativo', 22, CAST(1425.00 AS Decimal(10, 2)), CAST(-13.048600 AS Decimal(9, 6)), CAST(-55.897400 AS Decimal(9, 6)), 405, CAST(N'2010-08-09' AS Date), CAST(N'2026-06-15T12:55:33.560' AS DateTime))
INSERT [dbo].[Fazendas] ([id_fazenda], [nome_fazenda], [cidade], [estado], [status_fazenda], [id_produtor], [area_hectares], [latitude], [longitude], [altitude_metros], [data_aquisicao], [data_cadastro]) VALUES (24, N'Fazenda São Francisco', N'Rio Verde', N'GO', N'Ativo', 23, CAST(710.50 AS Decimal(10, 2)), CAST(-17.801700 AS Decimal(9, 6)), CAST(-50.931800 AS Decimal(9, 6)), 724, CAST(N'2013-11-22' AS Date), CAST(N'2026-06-15T12:55:33.560' AS DateTime))
INSERT [dbo].[Fazendas] ([id_fazenda], [nome_fazenda], [cidade], [estado], [status_fazenda], [id_produtor], [area_hectares], [latitude], [longitude], [altitude_metros], [data_aquisicao], [data_cadastro]) VALUES (25, N'Fazenda Recanto Feliz', N'Jataí', N'GO', N'Inativo', 24, CAST(890.25 AS Decimal(10, 2)), CAST(-17.868100 AS Decimal(9, 6)), CAST(-51.697300 AS Decimal(9, 6)), 849, CAST(N'2017-04-16' AS Date), CAST(N'2026-06-15T12:55:33.560' AS DateTime))
INSERT [dbo].[Fazendas] ([id_fazenda], [nome_fazenda], [cidade], [estado], [status_fazenda], [id_produtor], [area_hectares], [latitude], [longitude], [altitude_metros], [data_aquisicao], [data_cadastro]) VALUES (26, N'Fazenda Santa Rita', N'Patrocínio', N'MG', N'Inativo', 25, CAST(575.00 AS Decimal(10, 2)), CAST(-18.935400 AS Decimal(9, 6)), CAST(-46.985100 AS Decimal(9, 6)), 982, CAST(N'2011-06-05' AS Date), CAST(N'2026-06-15T12:55:33.560' AS DateTime))
INSERT [dbo].[Fazendas] ([id_fazenda], [nome_fazenda], [cidade], [estado], [status_fazenda], [id_produtor], [area_hectares], [latitude], [longitude], [altitude_metros], [data_aquisicao], [data_cadastro]) VALUES (27, N'Fazenda Lagoa Dourada', N'Uberlândia', N'MG', N'Inativo', 26, CAST(1295.60 AS Decimal(10, 2)), CAST(-18.907200 AS Decimal(9, 6)), CAST(-48.284600 AS Decimal(9, 6)), 870, CAST(N'2008-12-18' AS Date), CAST(N'2026-06-15T12:55:33.560' AS DateTime))
INSERT [dbo].[Fazendas] ([id_fazenda], [nome_fazenda], [cidade], [estado], [status_fazenda], [id_produtor], [area_hectares], [latitude], [longitude], [altitude_metros], [data_aquisicao], [data_cadastro]) VALUES (28, N'Fazenda Morada Nova', N'Luís Eduardo Magalhães', N'BA', N'Ativo', 27, CAST(1980.00 AS Decimal(10, 2)), CAST(-12.080600 AS Decimal(9, 6)), CAST(-45.779500 AS Decimal(9, 6)), 748, CAST(N'2009-10-07' AS Date), CAST(N'2026-06-15T12:55:33.560' AS DateTime))
INSERT [dbo].[Fazendas] ([id_fazenda], [nome_fazenda], [cidade], [estado], [status_fazenda], [id_produtor], [area_hectares], [latitude], [longitude], [altitude_metros], [data_aquisicao], [data_cadastro]) VALUES (29, N'Fazenda Santa Fé', N'Cascavel', N'PR', N'Ativo', 28, CAST(640.75 AS Decimal(10, 2)), CAST(-24.949100 AS Decimal(9, 6)), CAST(-53.458700 AS Decimal(9, 6)), 775, CAST(N'2016-05-11' AS Date), CAST(N'2026-06-15T12:55:33.560' AS DateTime))
INSERT [dbo].[Fazendas] ([id_fazenda], [nome_fazenda], [cidade], [estado], [status_fazenda], [id_produtor], [area_hectares], [latitude], [longitude], [altitude_metros], [data_aquisicao], [data_cadastro]) VALUES (30, N'Fazenda Horizonte Azul', N'Ribeirão Preto', N'SP', N'Ativo', 29, CAST(520.30 AS Decimal(10, 2)), CAST(-21.183600 AS Decimal(9, 6)), CAST(-47.818900 AS Decimal(9, 6)), 558, CAST(N'2018-02-24' AS Date), CAST(N'2026-06-15T12:55:33.560' AS DateTime))
SET IDENTITY_INSERT [dbo].[Fazendas] OFF
GO
SET IDENTITY_INSERT [dbo].[Funcionarios] ON 

INSERT [dbo].[Funcionarios] ([id_funcionario], [id_fazenda], [nome_funcionario], [cpf], [sexo], [data_nascimento], [cargo], [salario], [data_admissao], [status_funcionario], [data_cadastro]) VALUES (1, 1, N'Carlos Eduardo Silva', N'31458792011', N'M', CAST(N'1988-04-15' AS Date), N'Operador de Máquinas', CAST(4200.00 AS Decimal(10, 2)), CAST(N'2018-03-10' AS Date), N'Ativo', CAST(N'2026-06-15T19:17:11.603' AS DateTime))
INSERT [dbo].[Funcionarios] ([id_funcionario], [id_fazenda], [nome_funcionario], [cpf], [sexo], [data_nascimento], [cargo], [salario], [data_admissao], [status_funcionario], [data_cadastro]) VALUES (2, 1, N'Fernanda Alves Rocha', N'58214963725', N'F', CAST(N'1992-08-21' AS Date), N'Engenheira Agrônoma', CAST(8500.00 AS Decimal(10, 2)), CAST(N'2020-02-17' AS Date), N'Ativo', CAST(N'2026-06-15T19:17:11.603' AS DateTime))
INSERT [dbo].[Funcionarios] ([id_funcionario], [id_fazenda], [nome_funcionario], [cpf], [sexo], [data_nascimento], [cargo], [salario], [data_admissao], [status_funcionario], [data_cadastro]) VALUES (3, 2, N'João Henrique Santos', N'71528496318', N'M', CAST(N'1985-11-07' AS Date), N'Tratorista', CAST(3900.00 AS Decimal(10, 2)), CAST(N'2017-09-04' AS Date), N'Ativo', CAST(N'2026-06-15T19:17:11.603' AS DateTime))
INSERT [dbo].[Funcionarios] ([id_funcionario], [id_fazenda], [nome_funcionario], [cpf], [sexo], [data_nascimento], [cargo], [salario], [data_admissao], [status_funcionario], [data_cadastro]) VALUES (4, 3, N'Ricardo Mendes Lima', N'84629573120', N'M', CAST(N'1980-06-25' AS Date), N'Supervisor Agrícola', CAST(6700.00 AS Decimal(10, 2)), CAST(N'2015-04-18' AS Date), N'Afastado', CAST(N'2026-06-15T19:17:11.603' AS DateTime))
INSERT [dbo].[Funcionarios] ([id_funcionario], [id_fazenda], [nome_funcionario], [cpf], [sexo], [data_nascimento], [cargo], [salario], [data_admissao], [status_funcionario], [data_cadastro]) VALUES (5, 4, N'Patrícia Gomes Souza', N'92418653740', N'F', CAST(N'1991-03-13' AS Date), N'Auxiliar Administrativo', CAST(3200.00 AS Decimal(10, 2)), CAST(N'2021-05-10' AS Date), N'Ativo', CAST(N'2026-06-15T19:17:11.603' AS DateTime))
INSERT [dbo].[Funcionarios] ([id_funcionario], [id_fazenda], [nome_funcionario], [cpf], [sexo], [data_nascimento], [cargo], [salario], [data_admissao], [status_funcionario], [data_cadastro]) VALUES (6, 5, N'Marcelo Ferreira Costa', N'17852463905', N'M', CAST(N'1987-10-28' AS Date), N'Operador de Máquinas', CAST(4300.00 AS Decimal(10, 2)), CAST(N'2019-07-15' AS Date), N'Afastado', CAST(N'2026-06-15T19:17:11.603' AS DateTime))
INSERT [dbo].[Funcionarios] ([id_funcionario], [id_fazenda], [nome_funcionario], [cpf], [sexo], [data_nascimento], [cargo], [salario], [data_admissao], [status_funcionario], [data_cadastro]) VALUES (7, 6, N'Juliana Ribeiro Martins', N'26519873421', N'F', CAST(N'1990-09-12' AS Date), N'Engenheira Agrônoma', CAST(8800.00 AS Decimal(10, 2)), CAST(N'2018-08-20' AS Date), N'Ativo', CAST(N'2026-06-15T19:17:11.603' AS DateTime))
INSERT [dbo].[Funcionarios] ([id_funcionario], [id_fazenda], [nome_funcionario], [cpf], [sexo], [data_nascimento], [cargo], [salario], [data_admissao], [status_funcionario], [data_cadastro]) VALUES (8, 7, N'Paulo Henrique Barros', N'63795184206', N'M', CAST(N'1983-01-09' AS Date), N'Tratorista', CAST(4000.00 AS Decimal(10, 2)), CAST(N'2016-06-22' AS Date), N'Ativo', CAST(N'2026-06-15T19:17:11.603' AS DateTime))
INSERT [dbo].[Funcionarios] ([id_funcionario], [id_fazenda], [nome_funcionario], [cpf], [sexo], [data_nascimento], [cargo], [salario], [data_admissao], [status_funcionario], [data_cadastro]) VALUES (9, 8, N'Vanessa Carvalho Lima', N'41582963718', N'F', CAST(N'1994-12-04' AS Date), N'Analista de Produção', CAST(6100.00 AS Decimal(10, 2)), CAST(N'2022-03-14' AS Date), N'Ativo', CAST(N'2026-06-15T19:17:11.603' AS DateTime))
INSERT [dbo].[Funcionarios] ([id_funcionario], [id_fazenda], [nome_funcionario], [cpf], [sexo], [data_nascimento], [cargo], [salario], [data_admissao], [status_funcionario], [data_cadastro]) VALUES (10, 9, N'Rodrigo Alves Pereira', N'82961457320', N'M', CAST(N'1986-07-19' AS Date), N'Supervisor Agrícola', CAST(6900.00 AS Decimal(10, 2)), CAST(N'2017-11-27' AS Date), N'Ativo', CAST(N'2026-06-15T19:17:11.603' AS DateTime))
INSERT [dbo].[Funcionarios] ([id_funcionario], [id_fazenda], [nome_funcionario], [cpf], [sexo], [data_nascimento], [cargo], [salario], [data_admissao], [status_funcionario], [data_cadastro]) VALUES (11, 10, N'Camila Teixeira Rocha', N'58321974618', N'F', CAST(N'1993-05-26' AS Date), N'Auxiliar Administrativo', CAST(3300.00 AS Decimal(10, 2)), CAST(N'2021-10-01' AS Date), N'Ativo', CAST(N'2026-06-15T19:17:11.603' AS DateTime))
INSERT [dbo].[Funcionarios] ([id_funcionario], [id_fazenda], [nome_funcionario], [cpf], [sexo], [data_nascimento], [cargo], [salario], [data_admissao], [status_funcionario], [data_cadastro]) VALUES (12, 11, N'Felipe Gomes Barbosa', N'76142895310', N'M', CAST(N'1984-02-17' AS Date), N'Operador de Máquinas', CAST(4400.00 AS Decimal(10, 2)), CAST(N'2019-01-08' AS Date), N'Afastado', CAST(N'2026-06-15T19:17:11.603' AS DateTime))
INSERT [dbo].[Funcionarios] ([id_funcionario], [id_fazenda], [nome_funcionario], [cpf], [sexo], [data_nascimento], [cargo], [salario], [data_admissao], [status_funcionario], [data_cadastro]) VALUES (13, 12, N'Amanda Oliveira Castro', N'24876193542', N'F', CAST(N'1995-09-11' AS Date), N'Engenheira Agrônoma', CAST(9000.00 AS Decimal(10, 2)), CAST(N'2023-02-01' AS Date), N'Ativo', CAST(N'2026-06-15T19:17:11.603' AS DateTime))
INSERT [dbo].[Funcionarios] ([id_funcionario], [id_fazenda], [nome_funcionario], [cpf], [sexo], [data_nascimento], [cargo], [salario], [data_admissao], [status_funcionario], [data_cadastro]) VALUES (14, 13, N'Gustavo Ribeiro Melo', N'68152734910', N'M', CAST(N'1981-08-05' AS Date), N'Supervisor Agrícola', CAST(7100.00 AS Decimal(10, 2)), CAST(N'2014-12-16' AS Date), N'Afastado', CAST(N'2026-06-15T19:17:11.603' AS DateTime))
INSERT [dbo].[Funcionarios] ([id_funcionario], [id_fazenda], [nome_funcionario], [cpf], [sexo], [data_nascimento], [cargo], [salario], [data_admissao], [status_funcionario], [data_cadastro]) VALUES (15, 14, N'Simone Costa Freitas', N'35291847621', N'F', CAST(N'1989-04-23' AS Date), N'Analista de Produção', CAST(5900.00 AS Decimal(10, 2)), CAST(N'2020-09-09' AS Date), N'Ativo', CAST(N'2026-06-15T19:17:11.603' AS DateTime))
INSERT [dbo].[Funcionarios] ([id_funcionario], [id_fazenda], [nome_funcionario], [cpf], [sexo], [data_nascimento], [cargo], [salario], [data_admissao], [status_funcionario], [data_cadastro]) VALUES (16, 15, N'Eduardo Martins Silva', N'92475186340', N'M', CAST(N'1987-06-08' AS Date), N'Operador de Máquinas', CAST(4250.00 AS Decimal(10, 2)), CAST(N'2018-05-14' AS Date), N'Ativo', CAST(N'2026-06-15T19:17:11.603' AS DateTime))
INSERT [dbo].[Funcionarios] ([id_funcionario], [id_fazenda], [nome_funcionario], [cpf], [sexo], [data_nascimento], [cargo], [salario], [data_admissao], [status_funcionario], [data_cadastro]) VALUES (17, 16, N'Luciana Fernandes Souza', N'53861294725', N'F', CAST(N'1992-11-30' AS Date), N'Auxiliar Administrativo', CAST(3400.00 AS Decimal(10, 2)), CAST(N'2022-06-13' AS Date), N'Ativo', CAST(N'2026-06-15T19:17:11.603' AS DateTime))
INSERT [dbo].[Funcionarios] ([id_funcionario], [id_fazenda], [nome_funcionario], [cpf], [sexo], [data_nascimento], [cargo], [salario], [data_admissao], [status_funcionario], [data_cadastro]) VALUES (18, 17, N'Thiago Henrique Alves', N'61748295308', N'M', CAST(N'1985-03-16' AS Date), N'Tratorista', CAST(3950.00 AS Decimal(10, 2)), CAST(N'2016-10-03' AS Date), N'Afastado', CAST(N'2026-06-15T19:17:11.603' AS DateTime))
INSERT [dbo].[Funcionarios] ([id_funcionario], [id_fazenda], [nome_funcionario], [cpf], [sexo], [data_nascimento], [cargo], [salario], [data_admissao], [status_funcionario], [data_cadastro]) VALUES (19, 18, N'Renata Carvalho Gomes', N'29175386410', N'F', CAST(N'1991-01-22' AS Date), N'Engenheira Agrônoma', CAST(8700.00 AS Decimal(10, 2)), CAST(N'2019-04-11' AS Date), N'Ativo', CAST(N'2026-06-15T19:17:11.603' AS DateTime))
INSERT [dbo].[Funcionarios] ([id_funcionario], [id_fazenda], [nome_funcionario], [cpf], [sexo], [data_nascimento], [cargo], [salario], [data_admissao], [status_funcionario], [data_cadastro]) VALUES (20, 19, N'André Luiz Pereira', N'84673192518', N'M', CAST(N'1983-12-07' AS Date), N'Supervisor Agrícola', CAST(6800.00 AS Decimal(10, 2)), CAST(N'2015-08-19' AS Date), N'Ativo', CAST(N'2026-06-15T19:17:11.603' AS DateTime))
INSERT [dbo].[Funcionarios] ([id_funcionario], [id_fazenda], [nome_funcionario], [cpf], [sexo], [data_nascimento], [cargo], [salario], [data_admissao], [status_funcionario], [data_cadastro]) VALUES (21, 20, N'Marcos Vinícius Ferreira', N'51847263915', N'M', CAST(N'1986-08-14' AS Date), N'Operador de Máquinas', CAST(4350.00 AS Decimal(10, 2)), CAST(N'2019-04-10' AS Date), N'Ativo', CAST(N'2026-06-15T21:41:07.787' AS DateTime))
INSERT [dbo].[Funcionarios] ([id_funcionario], [id_fazenda], [nome_funcionario], [cpf], [sexo], [data_nascimento], [cargo], [salario], [data_admissao], [status_funcionario], [data_cadastro]) VALUES (22, 21, N'Tatiane Ribeiro Gomes', N'63928517402', N'F', CAST(N'1993-11-25' AS Date), N'Analista de Produção', CAST(6200.00 AS Decimal(10, 2)), CAST(N'2021-08-16' AS Date), N'Afastado', CAST(N'2026-06-15T21:41:07.787' AS DateTime))
INSERT [dbo].[Funcionarios] ([id_funcionario], [id_fazenda], [nome_funcionario], [cpf], [sexo], [data_nascimento], [cargo], [salario], [data_admissao], [status_funcionario], [data_cadastro]) VALUES (23, 22, N'Lucas Henrique Costa', N'74295186310', N'M', CAST(N'1989-06-08' AS Date), N'Tratorista', CAST(4050.00 AS Decimal(10, 2)), CAST(N'2018-02-19' AS Date), N'Ativo', CAST(N'2026-06-15T21:41:07.787' AS DateTime))
INSERT [dbo].[Funcionarios] ([id_funcionario], [id_fazenda], [nome_funcionario], [cpf], [sexo], [data_nascimento], [cargo], [salario], [data_admissao], [status_funcionario], [data_cadastro]) VALUES (24, 23, N'Juliana Alves Martins', N'85371629408', N'F', CAST(N'1994-09-13' AS Date), N'Auxiliar Administrativo', CAST(3450.00 AS Decimal(10, 2)), CAST(N'2022-01-10' AS Date), N'Ativo', CAST(N'2026-06-15T21:41:07.787' AS DateTime))
INSERT [dbo].[Funcionarios] ([id_funcionario], [id_fazenda], [nome_funcionario], [cpf], [sexo], [data_nascimento], [cargo], [salario], [data_admissao], [status_funcionario], [data_cadastro]) VALUES (25, 24, N'Anderson Souza Lima', N'92471586321', N'M', CAST(N'1982-03-21' AS Date), N'Supervisor Agrícola', CAST(7300.00 AS Decimal(10, 2)), CAST(N'2016-11-14' AS Date), N'Ativo', CAST(N'2026-06-15T21:41:07.787' AS DateTime))
INSERT [dbo].[Funcionarios] ([id_funcionario], [id_fazenda], [nome_funcionario], [cpf], [sexo], [data_nascimento], [cargo], [salario], [data_admissao], [status_funcionario], [data_cadastro]) VALUES (26, 25, N'Carla Mendes Rocha', N'61538294716', N'F', CAST(N'1991-12-06' AS Date), N'Engenheira Agrônoma', CAST(9200.00 AS Decimal(10, 2)), CAST(N'2020-05-18' AS Date), N'Ativo', CAST(N'2026-06-15T21:41:07.787' AS DateTime))
INSERT [dbo].[Funcionarios] ([id_funcionario], [id_fazenda], [nome_funcionario], [cpf], [sexo], [data_nascimento], [cargo], [salario], [data_admissao], [status_funcionario], [data_cadastro]) VALUES (27, 26, N'Leonardo Pereira Silva', N'48371926504', N'M', CAST(N'1987-05-27' AS Date), N'Operador de Máquinas', CAST(4400.00 AS Decimal(10, 2)), CAST(N'2018-09-03' AS Date), N'Afastado', CAST(N'2026-06-15T21:41:07.787' AS DateTime))
INSERT [dbo].[Funcionarios] ([id_funcionario], [id_fazenda], [nome_funcionario], [cpf], [sexo], [data_nascimento], [cargo], [salario], [data_admissao], [status_funcionario], [data_cadastro]) VALUES (28, 27, N'Priscila Carvalho Freitas', N'37261958413', N'F', CAST(N'1992-04-15' AS Date), N'Analista de Produção', CAST(6000.00 AS Decimal(10, 2)), CAST(N'2021-04-12' AS Date), N'Ativo', CAST(N'2026-06-15T21:41:07.787' AS DateTime))
INSERT [dbo].[Funcionarios] ([id_funcionario], [id_fazenda], [nome_funcionario], [cpf], [sexo], [data_nascimento], [cargo], [salario], [data_admissao], [status_funcionario], [data_cadastro]) VALUES (29, 28, N'Márcio Henrique Gomes', N'15829473602', N'M', CAST(N'1985-10-09' AS Date), N'Tratorista', CAST(3950.00 AS Decimal(10, 2)), CAST(N'2017-07-24' AS Date), N'Ativo', CAST(N'2026-06-15T21:41:07.787' AS DateTime))
INSERT [dbo].[Funcionarios] ([id_funcionario], [id_fazenda], [nome_funcionario], [cpf], [sexo], [data_nascimento], [cargo], [salario], [data_admissao], [status_funcionario], [data_cadastro]) VALUES (30, 29, N'Débora Fernandes Lima', N'26951738401', N'F', CAST(N'1990-02-28' AS Date), N'Auxiliar Administrativo', CAST(3300.00 AS Decimal(10, 2)), CAST(N'2022-09-05' AS Date), N'Afastado', CAST(N'2026-06-15T21:41:07.787' AS DateTime))
INSERT [dbo].[Funcionarios] ([id_funcionario], [id_fazenda], [nome_funcionario], [cpf], [sexo], [data_nascimento], [cargo], [salario], [data_admissao], [status_funcionario], [data_cadastro]) VALUES (31, 30, N'Bruno Oliveira Castro', N'68427395108', N'M', CAST(N'1984-01-18' AS Date), N'Supervisor Agrícola', CAST(7100.00 AS Decimal(10, 2)), CAST(N'2015-06-22' AS Date), N'Ativo', CAST(N'2026-06-15T21:41:07.787' AS DateTime))
INSERT [dbo].[Funcionarios] ([id_funcionario], [id_fazenda], [nome_funcionario], [cpf], [sexo], [data_nascimento], [cargo], [salario], [data_admissao], [status_funcionario], [data_cadastro]) VALUES (32, 1, N'Elaine Barbosa Santos', N'53719284615', N'F', CAST(N'1995-07-04' AS Date), N'Analista de Produção', CAST(6150.00 AS Decimal(10, 2)), CAST(N'2023-03-08' AS Date), N'Afastado', CAST(N'2026-06-15T21:41:07.787' AS DateTime))
INSERT [dbo].[Funcionarios] ([id_funcionario], [id_fazenda], [nome_funcionario], [cpf], [sexo], [data_nascimento], [cargo], [salario], [data_admissao], [status_funcionario], [data_cadastro]) VALUES (33, 2, N'José Carlos Farias', N'41857293604', N'M', CAST(N'1981-11-30' AS Date), N'Operador de Máquinas', CAST(4250.00 AS Decimal(10, 2)), CAST(N'2017-10-16' AS Date), N'Ativo', CAST(N'2026-06-15T21:41:07.787' AS DateTime))
INSERT [dbo].[Funcionarios] ([id_funcionario], [id_fazenda], [nome_funcionario], [cpf], [sexo], [data_nascimento], [cargo], [salario], [data_admissao], [status_funcionario], [data_cadastro]) VALUES (34, 3, N'Aline Cristina Rocha', N'29648371509', N'F', CAST(N'1992-05-12' AS Date), N'Engenheira Agrônoma', CAST(8900.00 AS Decimal(10, 2)), CAST(N'2020-01-27' AS Date), N'Ativo', CAST(N'2026-06-15T21:41:07.787' AS DateTime))
INSERT [dbo].[Funcionarios] ([id_funcionario], [id_fazenda], [nome_funcionario], [cpf], [sexo], [data_nascimento], [cargo], [salario], [data_admissao], [status_funcionario], [data_cadastro]) VALUES (35, 4, N'Rogério Alves Costa', N'87431629518', N'M', CAST(N'1986-06-24' AS Date), N'Tratorista', CAST(4100.00 AS Decimal(10, 2)), CAST(N'2018-08-13' AS Date), N'Ativo', CAST(N'2026-06-15T21:41:07.787' AS DateTime))
INSERT [dbo].[Funcionarios] ([id_funcionario], [id_fazenda], [nome_funcionario], [cpf], [sexo], [data_nascimento], [cargo], [salario], [data_admissao], [status_funcionario], [data_cadastro]) VALUES (36, 5, N'Sandra Ribeiro Melo', N'61594837206', N'F', CAST(N'1989-03-09' AS Date), N'Auxiliar Administrativo', CAST(3350.00 AS Decimal(10, 2)), CAST(N'2021-11-01' AS Date), N'Ativo', CAST(N'2026-06-15T21:41:07.787' AS DateTime))
INSERT [dbo].[Funcionarios] ([id_funcionario], [id_fazenda], [nome_funcionario], [cpf], [sexo], [data_nascimento], [cargo], [salario], [data_admissao], [status_funcionario], [data_cadastro]) VALUES (37, 6, N'Diego Henrique Martins', N'74318592614', N'M', CAST(N'1983-12-19' AS Date), N'Supervisor Agrícola', CAST(7000.00 AS Decimal(10, 2)), CAST(N'2014-09-15' AS Date), N'Ativo', CAST(N'2026-06-15T21:41:07.787' AS DateTime))
INSERT [dbo].[Funcionarios] ([id_funcionario], [id_fazenda], [nome_funcionario], [cpf], [sexo], [data_nascimento], [cargo], [salario], [data_admissao], [status_funcionario], [data_cadastro]) VALUES (38, 7, N'Camila Souza Freitas', N'35284179603', N'F', CAST(N'1994-10-21' AS Date), N'Analista de Produção', CAST(6050.00 AS Decimal(10, 2)), CAST(N'2022-04-04' AS Date), N'Ativo', CAST(N'2026-06-15T21:41:07.787' AS DateTime))
INSERT [dbo].[Funcionarios] ([id_funcionario], [id_fazenda], [nome_funcionario], [cpf], [sexo], [data_nascimento], [cargo], [salario], [data_admissao], [status_funcionario], [data_cadastro]) VALUES (39, 8, N'Felipe Augusto Barros', N'91827463510', N'M', CAST(N'1988-02-05' AS Date), N'Operador de Máquinas', CAST(4450.00 AS Decimal(10, 2)), CAST(N'2019-06-18' AS Date), N'Ativo', CAST(N'2026-06-15T21:41:07.787' AS DateTime))
INSERT [dbo].[Funcionarios] ([id_funcionario], [id_fazenda], [nome_funcionario], [cpf], [sexo], [data_nascimento], [cargo], [salario], [data_admissao], [status_funcionario], [data_cadastro]) VALUES (40, 9, N'Luciana Carvalho Silva', N'62751849321', N'F', CAST(N'1991-08-16' AS Date), N'Engenheira Agrônoma', CAST(9100.00 AS Decimal(10, 2)), CAST(N'2019-12-02' AS Date), N'Ativo', CAST(N'2026-06-15T21:41:07.787' AS DateTime))
INSERT [dbo].[Funcionarios] ([id_funcionario], [id_fazenda], [nome_funcionario], [cpf], [sexo], [data_nascimento], [cargo], [salario], [data_admissao], [status_funcionario], [data_cadastro]) VALUES (41, 10, N'Robson Pereira Gomes', N'47381926518', N'M', CAST(N'1985-09-27' AS Date), N'Tratorista', CAST(4000.00 AS Decimal(10, 2)), CAST(N'2017-03-20' AS Date), N'Afastado', CAST(N'2026-06-15T21:41:07.787' AS DateTime))
INSERT [dbo].[Funcionarios] ([id_funcionario], [id_fazenda], [nome_funcionario], [cpf], [sexo], [data_nascimento], [cargo], [salario], [data_admissao], [status_funcionario], [data_cadastro]) VALUES (42, 11, N'Patrícia Alves Costa', N'26491573802', N'F', CAST(N'1993-01-07' AS Date), N'Auxiliar Administrativo', CAST(3400.00 AS Decimal(10, 2)), CAST(N'2023-01-15' AS Date), N'Ativo', CAST(N'2026-06-15T21:41:07.787' AS DateTime))
INSERT [dbo].[Funcionarios] ([id_funcionario], [id_fazenda], [nome_funcionario], [cpf], [sexo], [data_nascimento], [cargo], [salario], [data_admissao], [status_funcionario], [data_cadastro]) VALUES (43, 12, N'Ricardo Mendes Rocha', N'85173629415', N'M', CAST(N'1982-07-18' AS Date), N'Supervisor Agrícola', CAST(7250.00 AS Decimal(10, 2)), CAST(N'2016-05-11' AS Date), N'Afastado', CAST(N'2026-06-15T21:41:07.787' AS DateTime))
INSERT [dbo].[Funcionarios] ([id_funcionario], [id_fazenda], [nome_funcionario], [cpf], [sexo], [data_nascimento], [cargo], [salario], [data_admissao], [status_funcionario], [data_cadastro]) VALUES (44, 13, N'Vanessa Ribeiro Santos', N'61532794801', N'F', CAST(N'1990-06-22' AS Date), N'Analista de Produção', CAST(5950.00 AS Decimal(10, 2)), CAST(N'2020-10-26' AS Date), N'Ativo', CAST(N'2026-06-15T21:41:07.787' AS DateTime))
INSERT [dbo].[Funcionarios] ([id_funcionario], [id_fazenda], [nome_funcionario], [cpf], [sexo], [data_nascimento], [cargo], [salario], [data_admissao], [status_funcionario], [data_cadastro]) VALUES (45, 14, N'Eduardo Henrique Lima', N'39481726510', N'M', CAST(N'1984-11-11' AS Date), N'Operador de Máquinas', CAST(4300.00 AS Decimal(10, 2)), CAST(N'2018-01-29' AS Date), N'Ativo', CAST(N'2026-06-15T21:41:07.787' AS DateTime))
INSERT [dbo].[Funcionarios] ([id_funcionario], [id_fazenda], [nome_funcionario], [cpf], [sexo], [data_nascimento], [cargo], [salario], [data_admissao], [status_funcionario], [data_cadastro]) VALUES (46, 15, N'Cristiane Gomes Freitas', N'52619473815', N'F', CAST(N'1992-03-30' AS Date), N'Engenheira Agrônoma', CAST(9000.00 AS Decimal(10, 2)), CAST(N'2021-07-12' AS Date), N'Ativo', CAST(N'2026-06-15T21:41:07.787' AS DateTime))
INSERT [dbo].[Funcionarios] ([id_funcionario], [id_fazenda], [nome_funcionario], [cpf], [sexo], [data_nascimento], [cargo], [salario], [data_admissao], [status_funcionario], [data_cadastro]) VALUES (47, 16, N'Paulo Roberto Carvalho', N'71835294610', N'M', CAST(N'1987-12-08' AS Date), N'Tratorista', CAST(3900.00 AS Decimal(10, 2)), CAST(N'2017-09-25' AS Date), N'Desligado', CAST(N'2026-06-15T21:41:07.787' AS DateTime))
INSERT [dbo].[Funcionarios] ([id_funcionario], [id_fazenda], [nome_funcionario], [cpf], [sexo], [data_nascimento], [cargo], [salario], [data_admissao], [status_funcionario], [data_cadastro]) VALUES (48, 17, N'Simone Martins Rocha', N'23951687402', N'F', CAST(N'1995-04-14' AS Date), N'Auxiliar Administrativo', CAST(3250.00 AS Decimal(10, 2)), CAST(N'2022-08-22' AS Date), N'Afastado', CAST(N'2026-06-15T21:41:07.787' AS DateTime))
INSERT [dbo].[Funcionarios] ([id_funcionario], [id_fazenda], [nome_funcionario], [cpf], [sexo], [data_nascimento], [cargo], [salario], [data_admissao], [status_funcionario], [data_cadastro]) VALUES (49, 18, N'Alexandre Ferreira Lima', N'68419527310', N'M', CAST(N'1983-05-03' AS Date), N'Supervisor Agrícola', CAST(7150.00 AS Decimal(10, 2)), CAST(N'2015-02-17' AS Date), N'Ativo', CAST(N'2026-06-15T21:41:07.787' AS DateTime))
INSERT [dbo].[Funcionarios] ([id_funcionario], [id_fazenda], [nome_funcionario], [cpf], [sexo], [data_nascimento], [cargo], [salario], [data_admissao], [status_funcionario], [data_cadastro]) VALUES (50, 19, N'Daniela Barbosa Costa', N'35182794618', N'F', CAST(N'1991-09-26' AS Date), N'Analista de Produção', CAST(6100.00 AS Decimal(10, 2)), CAST(N'2021-05-03' AS Date), N'Ativo', CAST(N'2026-06-15T21:41:07.787' AS DateTime))
SET IDENTITY_INSERT [dbo].[Funcionarios] OFF
GO
SET IDENTITY_INSERT [dbo].[Maquinas] ON 

INSERT [dbo].[Maquinas] ([id_maquina], [id_fazenda], [tipo_maquina], [fabricante], [modelo], [ano_fabricacao], [potencia_cv], [status_maquina], [data_aquisicao], [valor_aquisicao], [data_cadastro]) VALUES (1, 1, N'Trator', N'John Deere', N'JD 6110J', 2021, 110, N'Operando', CAST(N'2021-03-15' AS Date), CAST(380000.00 AS Decimal(12, 2)), CAST(N'2026-06-15T20:05:46.420' AS DateTime))
INSERT [dbo].[Maquinas] ([id_maquina], [id_fazenda], [tipo_maquina], [fabricante], [modelo], [ano_fabricacao], [potencia_cv], [status_maquina], [data_aquisicao], [valor_aquisicao], [data_cadastro]) VALUES (2, 1, N'Pulverizador', N'Jacto', N'Uniport 3030', 2020, 243, N'Operando', CAST(N'2020-08-10' AS Date), CAST(890000.00 AS Decimal(12, 2)), CAST(N'2026-06-15T20:05:46.420' AS DateTime))
INSERT [dbo].[Maquinas] ([id_maquina], [id_fazenda], [tipo_maquina], [fabricante], [modelo], [ano_fabricacao], [potencia_cv], [status_maquina], [data_aquisicao], [valor_aquisicao], [data_cadastro]) VALUES (3, 2, N'Plantadeira', N'Stara', N'Eva 11', 2022, 180, N'Operando', CAST(N'2022-05-12' AS Date), CAST(640000.00 AS Decimal(12, 2)), CAST(N'2026-06-15T20:05:46.420' AS DateTime))
INSERT [dbo].[Maquinas] ([id_maquina], [id_fazenda], [tipo_maquina], [fabricante], [modelo], [ano_fabricacao], [potencia_cv], [status_maquina], [data_aquisicao], [valor_aquisicao], [data_cadastro]) VALUES (4, 3, N'Colheitadeira', N'Case IH', N'Axial-Flow 7250', 2021, 400, N'Operando', CAST(N'2021-09-18' AS Date), CAST(2300000.00 AS Decimal(12, 2)), CAST(N'2026-06-15T20:05:46.420' AS DateTime))
INSERT [dbo].[Maquinas] ([id_maquina], [id_fazenda], [tipo_maquina], [fabricante], [modelo], [ano_fabricacao], [potencia_cv], [status_maquina], [data_aquisicao], [valor_aquisicao], [data_cadastro]) VALUES (5, 4, N'Trator', N'New Holland', N'T7.205', 2019, 205, N'Operando', CAST(N'2019-04-09' AS Date), CAST(470000.00 AS Decimal(12, 2)), CAST(N'2026-06-15T20:05:46.420' AS DateTime))
INSERT [dbo].[Maquinas] ([id_maquina], [id_fazenda], [tipo_maquina], [fabricante], [modelo], [ano_fabricacao], [potencia_cv], [status_maquina], [data_aquisicao], [valor_aquisicao], [data_cadastro]) VALUES (6, 5, N'Pulverizador', N'Jacto', N'Uniport 3030', 2021, 243, N'Manutenção', CAST(N'2021-06-22' AS Date), CAST(910000.00 AS Decimal(12, 2)), CAST(N'2026-06-15T20:05:46.420' AS DateTime))
INSERT [dbo].[Maquinas] ([id_maquina], [id_fazenda], [tipo_maquina], [fabricante], [modelo], [ano_fabricacao], [potencia_cv], [status_maquina], [data_aquisicao], [valor_aquisicao], [data_cadastro]) VALUES (7, 6, N'Colheitadeira', N'John Deere', N'S440', 2020, 375, N'Operando', CAST(N'2020-07-17' AS Date), CAST(1950000.00 AS Decimal(12, 2)), CAST(N'2026-06-15T20:05:46.420' AS DateTime))
INSERT [dbo].[Maquinas] ([id_maquina], [id_fazenda], [tipo_maquina], [fabricante], [modelo], [ano_fabricacao], [potencia_cv], [status_maquina], [data_aquisicao], [valor_aquisicao], [data_cadastro]) VALUES (8, 7, N'Plantadeira', N'Stara', N'Princesa DPS', 2022, 220, N'Operando', CAST(N'2022-10-01' AS Date), CAST(780000.00 AS Decimal(12, 2)), CAST(N'2026-06-15T20:05:46.420' AS DateTime))
INSERT [dbo].[Maquinas] ([id_maquina], [id_fazenda], [tipo_maquina], [fabricante], [modelo], [ano_fabricacao], [potencia_cv], [status_maquina], [data_aquisicao], [valor_aquisicao], [data_cadastro]) VALUES (9, 8, N'Trator', N'Massey Ferguson', N'MF 7720', 2021, 200, N'Operando', CAST(N'2021-03-20' AS Date), CAST(520000.00 AS Decimal(12, 2)), CAST(N'2026-06-15T20:05:46.420' AS DateTime))
INSERT [dbo].[Maquinas] ([id_maquina], [id_fazenda], [tipo_maquina], [fabricante], [modelo], [ano_fabricacao], [potencia_cv], [status_maquina], [data_aquisicao], [valor_aquisicao], [data_cadastro]) VALUES (10, 9, N'Pulverizador', N'Case IH', N'Patriot 350', 2019, 250, N'Operando', CAST(N'2019-11-08' AS Date), CAST(980000.00 AS Decimal(12, 2)), CAST(N'2026-06-15T20:05:46.420' AS DateTime))
INSERT [dbo].[Maquinas] ([id_maquina], [id_fazenda], [tipo_maquina], [fabricante], [modelo], [ano_fabricacao], [potencia_cv], [status_maquina], [data_aquisicao], [valor_aquisicao], [data_cadastro]) VALUES (11, 10, N'Colheitadeira', N'New Holland', N'CR 7.90', 2020, 374, N'Operando', CAST(N'2020-09-14' AS Date), CAST(2100000.00 AS Decimal(12, 2)), CAST(N'2026-06-15T20:05:46.420' AS DateTime))
INSERT [dbo].[Maquinas] ([id_maquina], [id_fazenda], [tipo_maquina], [fabricante], [modelo], [ano_fabricacao], [potencia_cv], [status_maquina], [data_aquisicao], [valor_aquisicao], [data_cadastro]) VALUES (12, 11, N'Trator', N'John Deere', N'JD 7230J', 2021, 230, N'Operando', CAST(N'2021-01-28' AS Date), CAST(650000.00 AS Decimal(12, 2)), CAST(N'2026-06-15T20:05:46.420' AS DateTime))
INSERT [dbo].[Maquinas] ([id_maquina], [id_fazenda], [tipo_maquina], [fabricante], [modelo], [ano_fabricacao], [potencia_cv], [status_maquina], [data_aquisicao], [valor_aquisicao], [data_cadastro]) VALUES (13, 12, N'Plantadeira', N'Jumil', N'JM 3090', 2018, 160, N'Inativa', CAST(N'2018-04-15' AS Date), CAST(390000.00 AS Decimal(12, 2)), CAST(N'2026-06-15T20:05:46.420' AS DateTime))
INSERT [dbo].[Maquinas] ([id_maquina], [id_fazenda], [tipo_maquina], [fabricante], [modelo], [ano_fabricacao], [potencia_cv], [status_maquina], [data_aquisicao], [valor_aquisicao], [data_cadastro]) VALUES (14, 13, N'Pulverizador', N'Jacto', N'Uniport 3030', 2022, 243, N'Operando', CAST(N'2022-07-11' AS Date), CAST(950000.00 AS Decimal(12, 2)), CAST(N'2026-06-15T20:05:46.420' AS DateTime))
INSERT [dbo].[Maquinas] ([id_maquina], [id_fazenda], [tipo_maquina], [fabricante], [modelo], [ano_fabricacao], [potencia_cv], [status_maquina], [data_aquisicao], [valor_aquisicao], [data_cadastro]) VALUES (15, 14, N'Colheitadeira', N'Case IH', N'Axial-Flow 8250', 2023, 480, N'Operando', CAST(N'2023-03-05' AS Date), CAST(2950000.00 AS Decimal(12, 2)), CAST(N'2026-06-15T20:05:46.420' AS DateTime))
INSERT [dbo].[Maquinas] ([id_maquina], [id_fazenda], [tipo_maquina], [fabricante], [modelo], [ano_fabricacao], [potencia_cv], [status_maquina], [data_aquisicao], [valor_aquisicao], [data_cadastro]) VALUES (16, 15, N'Trator', N'Valtra', N'BH194', 2020, 195, N'Operando', CAST(N'2020-08-29' AS Date), CAST(490000.00 AS Decimal(12, 2)), CAST(N'2026-06-15T20:05:46.420' AS DateTime))
INSERT [dbo].[Maquinas] ([id_maquina], [id_fazenda], [tipo_maquina], [fabricante], [modelo], [ano_fabricacao], [potencia_cv], [status_maquina], [data_aquisicao], [valor_aquisicao], [data_cadastro]) VALUES (17, 16, N'Plantadeira', N'Stara', N'Eva 11', 2021, 180, N'Operando', CAST(N'2021-05-19' AS Date), CAST(670000.00 AS Decimal(12, 2)), CAST(N'2026-06-15T20:05:46.420' AS DateTime))
INSERT [dbo].[Maquinas] ([id_maquina], [id_fazenda], [tipo_maquina], [fabricante], [modelo], [ano_fabricacao], [potencia_cv], [status_maquina], [data_aquisicao], [valor_aquisicao], [data_cadastro]) VALUES (18, 17, N'Pulverizador', N'John Deere', N'M4025', 2022, 250, N'Operando', CAST(N'2022-06-23' AS Date), CAST(1150000.00 AS Decimal(12, 2)), CAST(N'2026-06-15T20:05:46.420' AS DateTime))
INSERT [dbo].[Maquinas] ([id_maquina], [id_fazenda], [tipo_maquina], [fabricante], [modelo], [ano_fabricacao], [potencia_cv], [status_maquina], [data_aquisicao], [valor_aquisicao], [data_cadastro]) VALUES (19, 18, N'Colheitadeira', N'New Holland', N'CR 8.90', 2021, 490, N'Operando', CAST(N'2021-09-30' AS Date), CAST(3200000.00 AS Decimal(12, 2)), CAST(N'2026-06-15T20:05:46.420' AS DateTime))
INSERT [dbo].[Maquinas] ([id_maquina], [id_fazenda], [tipo_maquina], [fabricante], [modelo], [ano_fabricacao], [potencia_cv], [status_maquina], [data_aquisicao], [valor_aquisicao], [data_cadastro]) VALUES (20, 19, N'Trator', N'Massey Ferguson', N'MF 7719', 2019, 195, N'Manutenção', CAST(N'2019-02-26' AS Date), CAST(510000.00 AS Decimal(12, 2)), CAST(N'2026-06-15T20:05:46.420' AS DateTime))
INSERT [dbo].[Maquinas] ([id_maquina], [id_fazenda], [tipo_maquina], [fabricante], [modelo], [ano_fabricacao], [potencia_cv], [status_maquina], [data_aquisicao], [valor_aquisicao], [data_cadastro]) VALUES (21, 20, N'Plantadeira', N'Jumil', N'JM 3090', 2020, 160, N'Operando', CAST(N'2020-11-13' AS Date), CAST(420000.00 AS Decimal(12, 2)), CAST(N'2026-06-15T20:05:46.420' AS DateTime))
INSERT [dbo].[Maquinas] ([id_maquina], [id_fazenda], [tipo_maquina], [fabricante], [modelo], [ano_fabricacao], [potencia_cv], [status_maquina], [data_aquisicao], [valor_aquisicao], [data_cadastro]) VALUES (22, 21, N'Trator', N'Valtra', N'BH174', 2021, 175, N'Operando', CAST(N'2021-04-12' AS Date), CAST(465000.00 AS Decimal(12, 2)), CAST(N'2026-06-15T21:42:09.607' AS DateTime))
INSERT [dbo].[Maquinas] ([id_maquina], [id_fazenda], [tipo_maquina], [fabricante], [modelo], [ano_fabricacao], [potencia_cv], [status_maquina], [data_aquisicao], [valor_aquisicao], [data_cadastro]) VALUES (23, 22, N'Pulverizador', N'Jacto', N'Uniport 3030', 2022, 243, N'Operando', CAST(N'2022-06-18' AS Date), CAST(940000.00 AS Decimal(12, 2)), CAST(N'2026-06-15T21:42:09.607' AS DateTime))
INSERT [dbo].[Maquinas] ([id_maquina], [id_fazenda], [tipo_maquina], [fabricante], [modelo], [ano_fabricacao], [potencia_cv], [status_maquina], [data_aquisicao], [valor_aquisicao], [data_cadastro]) VALUES (24, 23, N'Plantadeira', N'Stara', N'Eva 11', 2021, 180, N'Operando', CAST(N'2021-08-25' AS Date), CAST(660000.00 AS Decimal(12, 2)), CAST(N'2026-06-15T21:42:09.607' AS DateTime))
INSERT [dbo].[Maquinas] ([id_maquina], [id_fazenda], [tipo_maquina], [fabricante], [modelo], [ano_fabricacao], [potencia_cv], [status_maquina], [data_aquisicao], [valor_aquisicao], [data_cadastro]) VALUES (25, 24, N'Colheitadeira', N'John Deere', N'S550', 2022, 380, N'Operando', CAST(N'2022-10-07' AS Date), CAST(2450000.00 AS Decimal(12, 2)), CAST(N'2026-06-15T21:42:09.607' AS DateTime))
INSERT [dbo].[Maquinas] ([id_maquina], [id_fazenda], [tipo_maquina], [fabricante], [modelo], [ano_fabricacao], [potencia_cv], [status_maquina], [data_aquisicao], [valor_aquisicao], [data_cadastro]) VALUES (26, 25, N'Trator', N'New Holland', N'T7.205', 2020, 205, N'Operando', CAST(N'2020-05-19' AS Date), CAST(485000.00 AS Decimal(12, 2)), CAST(N'2026-06-15T21:42:09.607' AS DateTime))
INSERT [dbo].[Maquinas] ([id_maquina], [id_fazenda], [tipo_maquina], [fabricante], [modelo], [ano_fabricacao], [potencia_cv], [status_maquina], [data_aquisicao], [valor_aquisicao], [data_cadastro]) VALUES (27, 26, N'Pulverizador', N'Case IH', N'Patriot 350', 2021, 250, N'Manutenção', CAST(N'2021-09-14' AS Date), CAST(1020000.00 AS Decimal(12, 2)), CAST(N'2026-06-15T21:42:09.607' AS DateTime))
INSERT [dbo].[Maquinas] ([id_maquina], [id_fazenda], [tipo_maquina], [fabricante], [modelo], [ano_fabricacao], [potencia_cv], [status_maquina], [data_aquisicao], [valor_aquisicao], [data_cadastro]) VALUES (28, 27, N'Plantadeira', N'Jumil', N'JM 3090', 2019, 160, N'Operando', CAST(N'2019-07-03' AS Date), CAST(410000.00 AS Decimal(12, 2)), CAST(N'2026-06-15T21:42:09.607' AS DateTime))
INSERT [dbo].[Maquinas] ([id_maquina], [id_fazenda], [tipo_maquina], [fabricante], [modelo], [ano_fabricacao], [potencia_cv], [status_maquina], [data_aquisicao], [valor_aquisicao], [data_cadastro]) VALUES (29, 28, N'Colheitadeira', N'Case IH', N'Axial-Flow 7250', 2021, 400, N'Operando', CAST(N'2021-11-22' AS Date), CAST(2350000.00 AS Decimal(12, 2)), CAST(N'2026-06-15T21:42:09.607' AS DateTime))
INSERT [dbo].[Maquinas] ([id_maquina], [id_fazenda], [tipo_maquina], [fabricante], [modelo], [ano_fabricacao], [potencia_cv], [status_maquina], [data_aquisicao], [valor_aquisicao], [data_cadastro]) VALUES (30, 29, N'Trator', N'Massey Ferguson', N'MF 7720', 2022, 200, N'Operando', CAST(N'2022-03-11' AS Date), CAST(540000.00 AS Decimal(12, 2)), CAST(N'2026-06-15T21:42:09.607' AS DateTime))
INSERT [dbo].[Maquinas] ([id_maquina], [id_fazenda], [tipo_maquina], [fabricante], [modelo], [ano_fabricacao], [potencia_cv], [status_maquina], [data_aquisicao], [valor_aquisicao], [data_cadastro]) VALUES (31, 30, N'Pulverizador', N'John Deere', N'M4025', 2023, 250, N'Operando', CAST(N'2023-01-18' AS Date), CAST(1180000.00 AS Decimal(12, 2)), CAST(N'2026-06-15T21:42:09.607' AS DateTime))
INSERT [dbo].[Maquinas] ([id_maquina], [id_fazenda], [tipo_maquina], [fabricante], [modelo], [ano_fabricacao], [potencia_cv], [status_maquina], [data_aquisicao], [valor_aquisicao], [data_cadastro]) VALUES (32, 1, N'Plantadeira', N'Stara', N'Princesa DPS', 2022, 220, N'Operando', CAST(N'2022-09-15' AS Date), CAST(790000.00 AS Decimal(12, 2)), CAST(N'2026-06-15T21:42:09.607' AS DateTime))
INSERT [dbo].[Maquinas] ([id_maquina], [id_fazenda], [tipo_maquina], [fabricante], [modelo], [ano_fabricacao], [potencia_cv], [status_maquina], [data_aquisicao], [valor_aquisicao], [data_cadastro]) VALUES (33, 2, N'Colheitadeira', N'New Holland', N'CR 7.90', 2020, 374, N'Operando', CAST(N'2020-08-30' AS Date), CAST(2150000.00 AS Decimal(12, 2)), CAST(N'2026-06-15T21:42:09.607' AS DateTime))
INSERT [dbo].[Maquinas] ([id_maquina], [id_fazenda], [tipo_maquina], [fabricante], [modelo], [ano_fabricacao], [potencia_cv], [status_maquina], [data_aquisicao], [valor_aquisicao], [data_cadastro]) VALUES (34, 3, N'Trator', N'John Deere', N'JD 7230J', 2021, 230, N'Operando', CAST(N'2021-02-14' AS Date), CAST(655000.00 AS Decimal(12, 2)), CAST(N'2026-06-15T21:42:09.607' AS DateTime))
INSERT [dbo].[Maquinas] ([id_maquina], [id_fazenda], [tipo_maquina], [fabricante], [modelo], [ano_fabricacao], [potencia_cv], [status_maquina], [data_aquisicao], [valor_aquisicao], [data_cadastro]) VALUES (35, 4, N'Pulverizador', N'Jacto', N'Uniport 3030', 2022, 243, N'Operando', CAST(N'2022-04-21' AS Date), CAST(955000.00 AS Decimal(12, 2)), CAST(N'2026-06-15T21:42:09.607' AS DateTime))
INSERT [dbo].[Maquinas] ([id_maquina], [id_fazenda], [tipo_maquina], [fabricante], [modelo], [ano_fabricacao], [potencia_cv], [status_maquina], [data_aquisicao], [valor_aquisicao], [data_cadastro]) VALUES (36, 5, N'Plantadeira', N'Jumil', N'JM 3090', 2018, 160, N'Inativa', CAST(N'2018-10-06' AS Date), CAST(395000.00 AS Decimal(12, 2)), CAST(N'2026-06-15T21:42:09.607' AS DateTime))
INSERT [dbo].[Maquinas] ([id_maquina], [id_fazenda], [tipo_maquina], [fabricante], [modelo], [ano_fabricacao], [potencia_cv], [status_maquina], [data_aquisicao], [valor_aquisicao], [data_cadastro]) VALUES (37, 6, N'Colheitadeira', N'Case IH', N'Axial-Flow 8250', 2023, 480, N'Operando', CAST(N'2023-02-28' AS Date), CAST(2980000.00 AS Decimal(12, 2)), CAST(N'2026-06-15T21:42:09.607' AS DateTime))
INSERT [dbo].[Maquinas] ([id_maquina], [id_fazenda], [tipo_maquina], [fabricante], [modelo], [ano_fabricacao], [potencia_cv], [status_maquina], [data_aquisicao], [valor_aquisicao], [data_cadastro]) VALUES (38, 7, N'Trator', N'Valtra', N'BH194', 2020, 195, N'Operando', CAST(N'2020-06-09' AS Date), CAST(500000.00 AS Decimal(12, 2)), CAST(N'2026-06-15T21:42:09.607' AS DateTime))
INSERT [dbo].[Maquinas] ([id_maquina], [id_fazenda], [tipo_maquina], [fabricante], [modelo], [ano_fabricacao], [potencia_cv], [status_maquina], [data_aquisicao], [valor_aquisicao], [data_cadastro]) VALUES (39, 8, N'Pulverizador', N'Case IH', N'Patriot 350', 2021, 250, N'Operando', CAST(N'2021-12-17' AS Date), CAST(995000.00 AS Decimal(12, 2)), CAST(N'2026-06-15T21:42:09.607' AS DateTime))
INSERT [dbo].[Maquinas] ([id_maquina], [id_fazenda], [tipo_maquina], [fabricante], [modelo], [ano_fabricacao], [potencia_cv], [status_maquina], [data_aquisicao], [valor_aquisicao], [data_cadastro]) VALUES (40, 9, N'Plantadeira', N'Stara', N'Eva 11', 2022, 180, N'Operando', CAST(N'2022-05-08' AS Date), CAST(675000.00 AS Decimal(12, 2)), CAST(N'2026-06-15T21:42:09.607' AS DateTime))
INSERT [dbo].[Maquinas] ([id_maquina], [id_fazenda], [tipo_maquina], [fabricante], [modelo], [ano_fabricacao], [potencia_cv], [status_maquina], [data_aquisicao], [valor_aquisicao], [data_cadastro]) VALUES (41, 10, N'Colheitadeira', N'John Deere', N'S440', 2020, 375, N'Operando', CAST(N'2020-09-26' AS Date), CAST(1980000.00 AS Decimal(12, 2)), CAST(N'2026-06-15T21:42:09.607' AS DateTime))
SET IDENTITY_INSERT [dbo].[Maquinas] OFF
GO
SET IDENTITY_INSERT [dbo].[Produção] ON 

INSERT [dbo].[Produção] ([id_producao], [id_fazenda], [id_cultura], [id_safra], [area_plantada_hectares], [quantidade_produzida], [produtividade_hectare], [custo_producao], [data_inicio_plantio], [data_fim_colheita], [status_producao], [data_cadastro]) VALUES (1, 1, 1, 15, CAST(800.00 AS Decimal(10, 2)), CAST(48000.00 AS Decimal(12, 2)), CAST(60.00 AS Decimal(10, 2)), CAST(4200000.00 AS Decimal(14, 2)), CAST(N'2024-10-05' AS Date), CAST(N'2025-03-15' AS Date), N'Finalizada', CAST(N'2026-06-15T16:34:47.397' AS DateTime))
INSERT [dbo].[Produção] ([id_producao], [id_fazenda], [id_cultura], [id_safra], [area_plantada_hectares], [quantidade_produzida], [produtividade_hectare], [custo_producao], [data_inicio_plantio], [data_fim_colheita], [status_producao], [data_cadastro]) VALUES (2, 2, 2, 15, CAST(380.00 AS Decimal(10, 2)), CAST(22800.00 AS Decimal(12, 2)), CAST(60.00 AS Decimal(10, 2)), CAST(1750000.00 AS Decimal(14, 2)), CAST(N'2024-10-08' AS Date), CAST(N'2025-03-18' AS Date), N'Finalizada', CAST(N'2026-06-15T16:34:47.397' AS DateTime))
INSERT [dbo].[Produção] ([id_producao], [id_fazenda], [id_cultura], [id_safra], [area_plantada_hectares], [quantidade_produzida], [produtividade_hectare], [custo_producao], [data_inicio_plantio], [data_fim_colheita], [status_producao], [data_cadastro]) VALUES (3, 3, 1, 15, CAST(1450.00 AS Decimal(10, 2)), CAST(88450.00 AS Decimal(12, 2)), CAST(61.00 AS Decimal(10, 2)), CAST(7450000.00 AS Decimal(14, 2)), CAST(N'2024-10-02' AS Date), CAST(N'2025-03-12' AS Date), N'Finalizada', CAST(N'2026-06-15T16:34:47.397' AS DateTime))
INSERT [dbo].[Produção] ([id_producao], [id_fazenda], [id_cultura], [id_safra], [area_plantada_hectares], [quantidade_produzida], [produtividade_hectare], [custo_producao], [data_inicio_plantio], [data_fim_colheita], [status_producao], [data_cadastro]) VALUES (4, 4, 6, 15, CAST(500.00 AS Decimal(10, 2)), CAST(19500.00 AS Decimal(12, 2)), CAST(39.00 AS Decimal(10, 2)), CAST(1300000.00 AS Decimal(14, 2)), CAST(N'2024-10-15' AS Date), CAST(N'2025-02-28' AS Date), N'Finalizada', CAST(N'2026-06-15T16:34:47.397' AS DateTime))
INSERT [dbo].[Produção] ([id_producao], [id_fazenda], [id_cultura], [id_safra], [area_plantada_hectares], [quantidade_produzida], [produtividade_hectare], [custo_producao], [data_inicio_plantio], [data_fim_colheita], [status_producao], [data_cadastro]) VALUES (5, 5, 4, 15, CAST(860.00 AS Decimal(10, 2)), CAST(51600.00 AS Decimal(12, 2)), CAST(60.00 AS Decimal(10, 2)), CAST(6200000.00 AS Decimal(14, 2)), CAST(N'2024-11-01' AS Date), CAST(N'2025-04-10' AS Date), N'Finalizada', CAST(N'2026-06-15T16:34:47.397' AS DateTime))
INSERT [dbo].[Produção] ([id_producao], [id_fazenda], [id_cultura], [id_safra], [area_plantada_hectares], [quantidade_produzida], [produtividade_hectare], [custo_producao], [data_inicio_plantio], [data_fim_colheita], [status_producao], [data_cadastro]) VALUES (6, 6, 3, 15, CAST(700.00 AS Decimal(10, 2)), CAST(24500.00 AS Decimal(12, 2)), CAST(35.00 AS Decimal(10, 2)), CAST(3950000.00 AS Decimal(14, 2)), CAST(N'2024-09-15' AS Date), CAST(N'2025-06-25' AS Date), N'Finalizada', CAST(N'2026-06-15T16:34:47.397' AS DateTime))
INSERT [dbo].[Produção] ([id_producao], [id_fazenda], [id_cultura], [id_safra], [area_plantada_hectares], [quantidade_produzida], [produtividade_hectare], [custo_producao], [data_inicio_plantio], [data_fim_colheita], [status_producao], [data_cadastro]) VALUES (7, 7, 1, 15, CAST(1000.00 AS Decimal(10, 2)), CAST(63000.00 AS Decimal(12, 2)), CAST(63.00 AS Decimal(10, 2)), CAST(5200000.00 AS Decimal(14, 2)), CAST(N'2024-10-10' AS Date), CAST(N'2025-03-14' AS Date), N'Finalizada', CAST(N'2026-06-15T16:34:47.397' AS DateTime))
INSERT [dbo].[Produção] ([id_producao], [id_fazenda], [id_cultura], [id_safra], [area_plantada_hectares], [quantidade_produzida], [produtividade_hectare], [custo_producao], [data_inicio_plantio], [data_fim_colheita], [status_producao], [data_cadastro]) VALUES (8, 8, 2, 15, CAST(2200.00 AS Decimal(10, 2)), CAST(136400.00 AS Decimal(12, 2)), CAST(62.00 AS Decimal(10, 2)), CAST(10800000.00 AS Decimal(14, 2)), CAST(N'2024-10-04' AS Date), CAST(N'2025-03-10' AS Date), N'Finalizada', CAST(N'2026-06-15T16:34:47.397' AS DateTime))
INSERT [dbo].[Produção] ([id_producao], [id_fazenda], [id_cultura], [id_safra], [area_plantada_hectares], [quantidade_produzida], [produtividade_hectare], [custo_producao], [data_inicio_plantio], [data_fim_colheita], [status_producao], [data_cadastro]) VALUES (9, 9, 7, 15, CAST(480.00 AS Decimal(10, 2)), CAST(25920.00 AS Decimal(12, 2)), CAST(54.00 AS Decimal(10, 2)), CAST(1650000.00 AS Decimal(14, 2)), CAST(N'2024-10-18' AS Date), CAST(N'2025-03-22' AS Date), N'Finalizada', CAST(N'2026-06-15T16:34:47.397' AS DateTime))
INSERT [dbo].[Produção] ([id_producao], [id_fazenda], [id_cultura], [id_safra], [area_plantada_hectares], [quantidade_produzida], [produtividade_hectare], [custo_producao], [data_inicio_plantio], [data_fim_colheita], [status_producao], [data_cadastro]) VALUES (10, 10, 1, 15, CAST(390.00 AS Decimal(10, 2)), CAST(23400.00 AS Decimal(12, 2)), CAST(60.00 AS Decimal(10, 2)), CAST(2100000.00 AS Decimal(14, 2)), CAST(N'2024-10-06' AS Date), CAST(N'2025-03-13' AS Date), N'Finalizada', CAST(N'2026-06-15T16:34:47.397' AS DateTime))
INSERT [dbo].[Produção] ([id_producao], [id_fazenda], [id_cultura], [id_safra], [area_plantada_hectares], [quantidade_produzida], [produtividade_hectare], [custo_producao], [data_inicio_plantio], [data_fim_colheita], [status_producao], [data_cadastro]) VALUES (11, 11, 2, 15, CAST(900.00 AS Decimal(10, 2)), CAST(55800.00 AS Decimal(12, 2)), CAST(62.00 AS Decimal(10, 2)), CAST(4300000.00 AS Decimal(14, 2)), CAST(N'2024-10-09' AS Date), CAST(N'2025-03-17' AS Date), N'Finalizada', CAST(N'2026-06-15T16:34:47.397' AS DateTime))
INSERT [dbo].[Produção] ([id_producao], [id_fazenda], [id_cultura], [id_safra], [area_plantada_hectares], [quantidade_produzida], [produtividade_hectare], [custo_producao], [data_inicio_plantio], [data_fim_colheita], [status_producao], [data_cadastro]) VALUES (12, 12, 8, 15, CAST(650.00 AS Decimal(10, 2)), CAST(37700.00 AS Decimal(12, 2)), CAST(58.00 AS Decimal(10, 2)), CAST(2800000.00 AS Decimal(14, 2)), CAST(N'2024-10-11' AS Date), CAST(N'2025-03-20' AS Date), N'Finalizada', CAST(N'2026-06-15T16:34:47.397' AS DateTime))
INSERT [dbo].[Produção] ([id_producao], [id_fazenda], [id_cultura], [id_safra], [area_plantada_hectares], [quantidade_produzida], [produtividade_hectare], [custo_producao], [data_inicio_plantio], [data_fim_colheita], [status_producao], [data_cadastro]) VALUES (13, 13, 1, 15, CAST(1180.00 AS Decimal(10, 2)), CAST(73160.00 AS Decimal(12, 2)), CAST(62.00 AS Decimal(10, 2)), CAST(5950000.00 AS Decimal(14, 2)), CAST(N'2024-10-03' AS Date), CAST(N'2025-03-11' AS Date), N'Finalizada', CAST(N'2026-06-15T16:34:47.397' AS DateTime))
INSERT [dbo].[Produção] ([id_producao], [id_fazenda], [id_cultura], [id_safra], [area_plantada_hectares], [quantidade_produzida], [produtividade_hectare], [custo_producao], [data_inicio_plantio], [data_fim_colheita], [status_producao], [data_cadastro]) VALUES (14, 14, 6, 15, CAST(720.00 AS Decimal(10, 2)), CAST(28080.00 AS Decimal(12, 2)), CAST(39.00 AS Decimal(10, 2)), CAST(1800000.00 AS Decimal(14, 2)), CAST(N'2024-10-20' AS Date), CAST(N'2025-03-05' AS Date), N'Finalizada', CAST(N'2026-06-15T16:34:47.397' AS DateTime))
INSERT [dbo].[Produção] ([id_producao], [id_fazenda], [id_cultura], [id_safra], [area_plantada_hectares], [quantidade_produzida], [produtividade_hectare], [custo_producao], [data_inicio_plantio], [data_fim_colheita], [status_producao], [data_cadastro]) VALUES (15, 15, 4, 15, CAST(910.00 AS Decimal(10, 2)), CAST(54600.00 AS Decimal(12, 2)), CAST(60.00 AS Decimal(10, 2)), CAST(6550000.00 AS Decimal(14, 2)), CAST(N'2024-11-03' AS Date), CAST(N'2025-04-12' AS Date), N'Finalizada', CAST(N'2026-06-15T16:34:47.397' AS DateTime))
INSERT [dbo].[Produção] ([id_producao], [id_fazenda], [id_cultura], [id_safra], [area_plantada_hectares], [quantidade_produzida], [produtividade_hectare], [custo_producao], [data_inicio_plantio], [data_fim_colheita], [status_producao], [data_cadastro]) VALUES (16, 16, 3, 15, CAST(520.00 AS Decimal(10, 2)), CAST(18200.00 AS Decimal(12, 2)), CAST(35.00 AS Decimal(10, 2)), CAST(2900000.00 AS Decimal(14, 2)), CAST(N'2024-09-20' AS Date), CAST(N'2025-06-28' AS Date), N'Finalizada', CAST(N'2026-06-15T16:34:47.397' AS DateTime))
INSERT [dbo].[Produção] ([id_producao], [id_fazenda], [id_cultura], [id_safra], [area_plantada_hectares], [quantidade_produzida], [produtividade_hectare], [custo_producao], [data_inicio_plantio], [data_fim_colheita], [status_producao], [data_cadastro]) VALUES (17, 17, 1, 15, CAST(1300.00 AS Decimal(10, 2)), CAST(80600.00 AS Decimal(12, 2)), CAST(62.00 AS Decimal(10, 2)), CAST(6650000.00 AS Decimal(14, 2)), CAST(N'2024-10-07' AS Date), CAST(N'2025-03-15' AS Date), N'Finalizada', CAST(N'2026-06-15T16:34:47.397' AS DateTime))
INSERT [dbo].[Produção] ([id_producao], [id_fazenda], [id_cultura], [id_safra], [area_plantada_hectares], [quantidade_produzida], [produtividade_hectare], [custo_producao], [data_inicio_plantio], [data_fim_colheita], [status_producao], [data_cadastro]) VALUES (18, 18, 2, 15, CAST(2000.00 AS Decimal(10, 2)), CAST(122000.00 AS Decimal(12, 2)), CAST(61.00 AS Decimal(10, 2)), CAST(9900000.00 AS Decimal(14, 2)), CAST(N'2024-10-05' AS Date), CAST(N'2025-03-16' AS Date), N'Finalizada', CAST(N'2026-06-15T16:34:47.397' AS DateTime))
INSERT [dbo].[Produção] ([id_producao], [id_fazenda], [id_cultura], [id_safra], [area_plantada_hectares], [quantidade_produzida], [produtividade_hectare], [custo_producao], [data_inicio_plantio], [data_fim_colheita], [status_producao], [data_cadastro]) VALUES (19, 19, 7, 15, CAST(430.00 AS Decimal(10, 2)), CAST(23220.00 AS Decimal(12, 2)), CAST(54.00 AS Decimal(10, 2)), CAST(1550000.00 AS Decimal(14, 2)), CAST(N'2024-10-16' AS Date), CAST(N'2025-03-21' AS Date), N'Finalizada', CAST(N'2026-06-15T16:34:47.397' AS DateTime))
INSERT [dbo].[Produção] ([id_producao], [id_fazenda], [id_cultura], [id_safra], [area_plantada_hectares], [quantidade_produzida], [produtividade_hectare], [custo_producao], [data_inicio_plantio], [data_fim_colheita], [status_producao], [data_cadastro]) VALUES (20, 20, 1, 15, CAST(450.00 AS Decimal(10, 2)), CAST(27900.00 AS Decimal(12, 2)), CAST(62.00 AS Decimal(10, 2)), CAST(2350000.00 AS Decimal(14, 2)), CAST(N'2024-10-08' AS Date), CAST(N'2025-03-14' AS Date), N'Finalizada', CAST(N'2026-06-15T16:34:47.397' AS DateTime))
INSERT [dbo].[Produção] ([id_producao], [id_fazenda], [id_cultura], [id_safra], [area_plantada_hectares], [quantidade_produzida], [produtividade_hectare], [custo_producao], [data_inicio_plantio], [data_fim_colheita], [status_producao], [data_cadastro]) VALUES (21, 21, 1, 14, CAST(520.00 AS Decimal(10, 2)), CAST(31720.00 AS Decimal(12, 2)), CAST(61.00 AS Decimal(10, 2)), CAST(2650000.00 AS Decimal(14, 2)), CAST(N'2023-10-04' AS Date), CAST(N'2024-03-16' AS Date), N'Finalizada', CAST(N'2026-06-15T21:17:21.757' AS DateTime))
INSERT [dbo].[Produção] ([id_producao], [id_fazenda], [id_cultura], [id_safra], [area_plantada_hectares], [quantidade_produzida], [produtividade_hectare], [custo_producao], [data_inicio_plantio], [data_fim_colheita], [status_producao], [data_cadastro]) VALUES (22, 22, 2, 14, CAST(740.00 AS Decimal(10, 2)), CAST(45140.00 AS Decimal(12, 2)), CAST(61.00 AS Decimal(10, 2)), CAST(3750000.00 AS Decimal(14, 2)), CAST(N'2023-10-06' AS Date), CAST(N'2024-03-18' AS Date), N'Finalizada', CAST(N'2026-06-15T21:17:21.757' AS DateTime))
INSERT [dbo].[Produção] ([id_producao], [id_fazenda], [id_cultura], [id_safra], [area_plantada_hectares], [quantidade_produzida], [produtividade_hectare], [custo_producao], [data_inicio_plantio], [data_fim_colheita], [status_producao], [data_cadastro]) VALUES (23, 23, 3, 14, CAST(680.00 AS Decimal(10, 2)), CAST(23800.00 AS Decimal(12, 2)), CAST(35.00 AS Decimal(10, 2)), CAST(3900000.00 AS Decimal(14, 2)), CAST(N'2023-09-20' AS Date), CAST(N'2024-06-20' AS Date), N'Finalizada', CAST(N'2026-06-15T21:17:21.757' AS DateTime))
INSERT [dbo].[Produção] ([id_producao], [id_fazenda], [id_cultura], [id_safra], [area_plantada_hectares], [quantidade_produzida], [produtividade_hectare], [custo_producao], [data_inicio_plantio], [data_fim_colheita], [status_producao], [data_cadastro]) VALUES (24, 24, 4, 14, CAST(390.00 AS Decimal(10, 2)), CAST(15210.00 AS Decimal(12, 2)), CAST(39.00 AS Decimal(10, 2)), CAST(1020000.00 AS Decimal(14, 2)), CAST(N'2023-10-11' AS Date), CAST(N'2024-02-25' AS Date), N'Finalizada', CAST(N'2026-06-15T21:17:21.757' AS DateTime))
INSERT [dbo].[Produção] ([id_producao], [id_fazenda], [id_cultura], [id_safra], [area_plantada_hectares], [quantidade_produzida], [produtividade_hectare], [custo_producao], [data_inicio_plantio], [data_fim_colheita], [status_producao], [data_cadastro]) VALUES (25, 25, 1, 14, CAST(980.00 AS Decimal(10, 2)), CAST(60760.00 AS Decimal(12, 2)), CAST(62.00 AS Decimal(10, 2)), CAST(4950000.00 AS Decimal(14, 2)), CAST(N'2023-10-03' AS Date), CAST(N'2024-03-13' AS Date), N'Finalizada', CAST(N'2026-06-15T21:17:21.757' AS DateTime))
INSERT [dbo].[Produção] ([id_producao], [id_fazenda], [id_cultura], [id_safra], [area_plantada_hectares], [quantidade_produzida], [produtividade_hectare], [custo_producao], [data_inicio_plantio], [data_fim_colheita], [status_producao], [data_cadastro]) VALUES (26, 26, 4, 14, CAST(850.00 AS Decimal(10, 2)), CAST(51000.00 AS Decimal(12, 2)), CAST(60.00 AS Decimal(10, 2)), CAST(5980000.00 AS Decimal(14, 2)), CAST(N'2023-11-01' AS Date), CAST(N'2024-04-08' AS Date), N'Finalizada', CAST(N'2026-06-15T21:17:21.757' AS DateTime))
INSERT [dbo].[Produção] ([id_producao], [id_fazenda], [id_cultura], [id_safra], [area_plantada_hectares], [quantidade_produzida], [produtividade_hectare], [custo_producao], [data_inicio_plantio], [data_fim_colheita], [status_producao], [data_cadastro]) VALUES (27, 27, 6, 14, CAST(430.00 AS Decimal(10, 2)), CAST(16770.00 AS Decimal(12, 2)), CAST(39.00 AS Decimal(10, 2)), CAST(1080000.00 AS Decimal(14, 2)), CAST(N'2023-10-14' AS Date), CAST(N'2024-03-03' AS Date), N'Finalizada', CAST(N'2026-06-15T21:17:21.757' AS DateTime))
INSERT [dbo].[Produção] ([id_producao], [id_fazenda], [id_cultura], [id_safra], [area_plantada_hectares], [quantidade_produzida], [produtividade_hectare], [custo_producao], [data_inicio_plantio], [data_fim_colheita], [status_producao], [data_cadastro]) VALUES (28, 28, 2, 14, CAST(1650.00 AS Decimal(10, 2)), CAST(100650.00 AS Decimal(12, 2)), CAST(61.00 AS Decimal(10, 2)), CAST(8250000.00 AS Decimal(14, 2)), CAST(N'2023-10-07' AS Date), CAST(N'2024-03-15' AS Date), N'Finalizada', CAST(N'2026-06-15T21:17:21.757' AS DateTime))
INSERT [dbo].[Produção] ([id_producao], [id_fazenda], [id_cultura], [id_safra], [area_plantada_hectares], [quantidade_produzida], [produtividade_hectare], [custo_producao], [data_inicio_plantio], [data_fim_colheita], [status_producao], [data_cadastro]) VALUES (29, 29, 7, 14, CAST(510.00 AS Decimal(10, 2)), CAST(27540.00 AS Decimal(12, 2)), CAST(54.00 AS Decimal(10, 2)), CAST(1730000.00 AS Decimal(14, 2)), CAST(N'2023-10-16' AS Date), CAST(N'2024-03-22' AS Date), N'Finalizada', CAST(N'2026-06-15T21:17:21.757' AS DateTime))
INSERT [dbo].[Produção] ([id_producao], [id_fazenda], [id_cultura], [id_safra], [area_plantada_hectares], [quantidade_produzida], [produtividade_hectare], [custo_producao], [data_inicio_plantio], [data_fim_colheita], [status_producao], [data_cadastro]) VALUES (30, 30, 1, 14, CAST(790.00 AS Decimal(10, 2)), CAST(48980.00 AS Decimal(12, 2)), CAST(62.00 AS Decimal(10, 2)), CAST(3950000.00 AS Decimal(14, 2)), CAST(N'2023-10-05' AS Date), CAST(N'2024-03-14' AS Date), N'Finalizada', CAST(N'2026-06-15T21:17:21.757' AS DateTime))
INSERT [dbo].[Produção] ([id_producao], [id_fazenda], [id_cultura], [id_safra], [area_plantada_hectares], [quantidade_produzida], [produtividade_hectare], [custo_producao], [data_inicio_plantio], [data_fim_colheita], [status_producao], [data_cadastro]) VALUES (31, 1, 1, 16, CAST(810.00 AS Decimal(10, 2)), NULL, NULL, CAST(4380000.00 AS Decimal(14, 2)), CAST(N'2025-10-05' AS Date), NULL, N'Em andamento', CAST(N'2026-06-15T21:17:21.757' AS DateTime))
INSERT [dbo].[Produção] ([id_producao], [id_fazenda], [id_cultura], [id_safra], [area_plantada_hectares], [quantidade_produzida], [produtividade_hectare], [custo_producao], [data_inicio_plantio], [data_fim_colheita], [status_producao], [data_cadastro]) VALUES (32, 2, 2, 16, CAST(360.00 AS Decimal(10, 2)), NULL, NULL, CAST(1810000.00 AS Decimal(14, 2)), CAST(N'2025-10-08' AS Date), NULL, N'Em andamento', CAST(N'2026-06-15T21:17:21.757' AS DateTime))
INSERT [dbo].[Produção] ([id_producao], [id_fazenda], [id_cultura], [id_safra], [area_plantada_hectares], [quantidade_produzida], [produtividade_hectare], [custo_producao], [data_inicio_plantio], [data_fim_colheita], [status_producao], [data_cadastro]) VALUES (33, 3, 1, 16, CAST(1420.00 AS Decimal(10, 2)), NULL, NULL, CAST(7280000.00 AS Decimal(14, 2)), CAST(N'2025-10-02' AS Date), NULL, N'Em andamento', CAST(N'2026-06-15T21:17:21.757' AS DateTime))
INSERT [dbo].[Produção] ([id_producao], [id_fazenda], [id_cultura], [id_safra], [area_plantada_hectares], [quantidade_produzida], [produtividade_hectare], [custo_producao], [data_inicio_plantio], [data_fim_colheita], [status_producao], [data_cadastro]) VALUES (34, 4, 6, 16, CAST(490.00 AS Decimal(10, 2)), NULL, NULL, CAST(1270000.00 AS Decimal(14, 2)), CAST(N'2025-10-15' AS Date), NULL, N'Em andamento', CAST(N'2026-06-15T21:17:21.757' AS DateTime))
INSERT [dbo].[Produção] ([id_producao], [id_fazenda], [id_cultura], [id_safra], [area_plantada_hectares], [quantidade_produzida], [produtividade_hectare], [custo_producao], [data_inicio_plantio], [data_fim_colheita], [status_producao], [data_cadastro]) VALUES (35, 5, 4, 16, CAST(870.00 AS Decimal(10, 2)), NULL, NULL, CAST(6150000.00 AS Decimal(14, 2)), CAST(N'2025-11-01' AS Date), NULL, N'Em andamento', CAST(N'2026-06-15T21:17:21.757' AS DateTime))
INSERT [dbo].[Produção] ([id_producao], [id_fazenda], [id_cultura], [id_safra], [area_plantada_hectares], [quantidade_produzida], [produtividade_hectare], [custo_producao], [data_inicio_plantio], [data_fim_colheita], [status_producao], [data_cadastro]) VALUES (36, 6, 3, 16, CAST(710.00 AS Decimal(10, 2)), NULL, NULL, CAST(4050000.00 AS Decimal(14, 2)), CAST(N'2025-09-15' AS Date), NULL, N'Em andamento', CAST(N'2026-06-15T21:17:21.757' AS DateTime))
INSERT [dbo].[Produção] ([id_producao], [id_fazenda], [id_cultura], [id_safra], [area_plantada_hectares], [quantidade_produzida], [produtividade_hectare], [custo_producao], [data_inicio_plantio], [data_fim_colheita], [status_producao], [data_cadastro]) VALUES (37, 7, 1, 16, CAST(1020.00 AS Decimal(10, 2)), NULL, NULL, CAST(5300000.00 AS Decimal(14, 2)), CAST(N'2025-10-10' AS Date), NULL, N'Em andamento', CAST(N'2026-06-15T21:17:21.757' AS DateTime))
INSERT [dbo].[Produção] ([id_producao], [id_fazenda], [id_cultura], [id_safra], [area_plantada_hectares], [quantidade_produzida], [produtividade_hectare], [custo_producao], [data_inicio_plantio], [data_fim_colheita], [status_producao], [data_cadastro]) VALUES (38, 8, 2, 16, CAST(2180.00 AS Decimal(10, 2)), NULL, NULL, CAST(10700000.00 AS Decimal(14, 2)), CAST(N'2025-10-04' AS Date), NULL, N'Em andamento', CAST(N'2026-06-15T21:17:21.757' AS DateTime))
INSERT [dbo].[Produção] ([id_producao], [id_fazenda], [id_cultura], [id_safra], [area_plantada_hectares], [quantidade_produzida], [produtividade_hectare], [custo_producao], [data_inicio_plantio], [data_fim_colheita], [status_producao], [data_cadastro]) VALUES (39, 9, 7, 16, CAST(460.00 AS Decimal(10, 2)), NULL, NULL, CAST(1620000.00 AS Decimal(14, 2)), CAST(N'2025-10-18' AS Date), NULL, N'Em andamento', CAST(N'2026-06-15T21:17:21.757' AS DateTime))
INSERT [dbo].[Produção] ([id_producao], [id_fazenda], [id_cultura], [id_safra], [area_plantada_hectares], [quantidade_produzida], [produtividade_hectare], [custo_producao], [data_inicio_plantio], [data_fim_colheita], [status_producao], [data_cadastro]) VALUES (40, 10, 1, 16, CAST(400.00 AS Decimal(10, 2)), NULL, NULL, CAST(2150000.00 AS Decimal(14, 2)), CAST(N'2025-10-06' AS Date), NULL, N'Em andamento', CAST(N'2026-06-15T21:17:21.757' AS DateTime))
INSERT [dbo].[Produção] ([id_producao], [id_fazenda], [id_cultura], [id_safra], [area_plantada_hectares], [quantidade_produzida], [produtividade_hectare], [custo_producao], [data_inicio_plantio], [data_fim_colheita], [status_producao], [data_cadastro]) VALUES (41, 11, 2, 14, CAST(940.00 AS Decimal(10, 2)), CAST(58280.00 AS Decimal(12, 2)), CAST(62.00 AS Decimal(10, 2)), CAST(4450000.00 AS Decimal(14, 2)), CAST(N'2023-10-09' AS Date), CAST(N'2024-03-17' AS Date), N'Finalizada', CAST(N'2026-06-15T21:19:39.490' AS DateTime))
INSERT [dbo].[Produção] ([id_producao], [id_fazenda], [id_cultura], [id_safra], [area_plantada_hectares], [quantidade_produzida], [produtividade_hectare], [custo_producao], [data_inicio_plantio], [data_fim_colheita], [status_producao], [data_cadastro]) VALUES (42, 12, 8, 14, CAST(630.00 AS Decimal(10, 2)), CAST(36540.00 AS Decimal(12, 2)), CAST(58.00 AS Decimal(10, 2)), CAST(2750000.00 AS Decimal(14, 2)), CAST(N'2023-10-11' AS Date), CAST(N'2024-03-20' AS Date), N'Finalizada', CAST(N'2026-06-15T21:19:39.490' AS DateTime))
INSERT [dbo].[Produção] ([id_producao], [id_fazenda], [id_cultura], [id_safra], [area_plantada_hectares], [quantidade_produzida], [produtividade_hectare], [custo_producao], [data_inicio_plantio], [data_fim_colheita], [status_producao], [data_cadastro]) VALUES (43, 13, 1, 14, CAST(1200.00 AS Decimal(10, 2)), CAST(74400.00 AS Decimal(12, 2)), CAST(62.00 AS Decimal(10, 2)), CAST(6050000.00 AS Decimal(14, 2)), CAST(N'2023-10-03' AS Date), CAST(N'2024-03-11' AS Date), N'Finalizada', CAST(N'2026-06-15T21:19:39.490' AS DateTime))
INSERT [dbo].[Produção] ([id_producao], [id_fazenda], [id_cultura], [id_safra], [area_plantada_hectares], [quantidade_produzida], [produtividade_hectare], [custo_producao], [data_inicio_plantio], [data_fim_colheita], [status_producao], [data_cadastro]) VALUES (44, 14, 6, 14, CAST(700.00 AS Decimal(10, 2)), CAST(27300.00 AS Decimal(12, 2)), CAST(39.00 AS Decimal(10, 2)), CAST(1780000.00 AS Decimal(14, 2)), CAST(N'2023-10-20' AS Date), CAST(N'2024-03-05' AS Date), N'Finalizada', CAST(N'2026-06-15T21:19:39.490' AS DateTime))
INSERT [dbo].[Produção] ([id_producao], [id_fazenda], [id_cultura], [id_safra], [area_plantada_hectares], [quantidade_produzida], [produtividade_hectare], [custo_producao], [data_inicio_plantio], [data_fim_colheita], [status_producao], [data_cadastro]) VALUES (45, 15, 4, 14, CAST(920.00 AS Decimal(10, 2)), CAST(55200.00 AS Decimal(12, 2)), CAST(60.00 AS Decimal(10, 2)), CAST(6620000.00 AS Decimal(14, 2)), CAST(N'2023-11-03' AS Date), CAST(N'2024-04-12' AS Date), N'Finalizada', CAST(N'2026-06-15T21:19:39.490' AS DateTime))
INSERT [dbo].[Produção] ([id_producao], [id_fazenda], [id_cultura], [id_safra], [area_plantada_hectares], [quantidade_produzida], [produtividade_hectare], [custo_producao], [data_inicio_plantio], [data_fim_colheita], [status_producao], [data_cadastro]) VALUES (46, 16, 3, 14, CAST(540.00 AS Decimal(10, 2)), CAST(18900.00 AS Decimal(12, 2)), CAST(35.00 AS Decimal(10, 2)), CAST(2950000.00 AS Decimal(14, 2)), CAST(N'2023-09-20' AS Date), CAST(N'2024-06-28' AS Date), N'Finalizada', CAST(N'2026-06-15T21:19:39.490' AS DateTime))
INSERT [dbo].[Produção] ([id_producao], [id_fazenda], [id_cultura], [id_safra], [area_plantada_hectares], [quantidade_produzida], [produtividade_hectare], [custo_producao], [data_inicio_plantio], [data_fim_colheita], [status_producao], [data_cadastro]) VALUES (47, 17, 1, 14, CAST(1280.00 AS Decimal(10, 2)), CAST(79360.00 AS Decimal(12, 2)), CAST(62.00 AS Decimal(10, 2)), CAST(6580000.00 AS Decimal(14, 2)), CAST(N'2023-10-07' AS Date), CAST(N'2024-03-15' AS Date), N'Finalizada', CAST(N'2026-06-15T21:19:39.490' AS DateTime))
INSERT [dbo].[Produção] ([id_producao], [id_fazenda], [id_cultura], [id_safra], [area_plantada_hectares], [quantidade_produzida], [produtividade_hectare], [custo_producao], [data_inicio_plantio], [data_fim_colheita], [status_producao], [data_cadastro]) VALUES (48, 18, 2, 14, CAST(1950.00 AS Decimal(10, 2)), CAST(118950.00 AS Decimal(12, 2)), CAST(61.00 AS Decimal(10, 2)), CAST(9750000.00 AS Decimal(14, 2)), CAST(N'2023-10-05' AS Date), CAST(N'2024-03-16' AS Date), N'Finalizada', CAST(N'2026-06-15T21:19:39.490' AS DateTime))
INSERT [dbo].[Produção] ([id_producao], [id_fazenda], [id_cultura], [id_safra], [area_plantada_hectares], [quantidade_produzida], [produtividade_hectare], [custo_producao], [data_inicio_plantio], [data_fim_colheita], [status_producao], [data_cadastro]) VALUES (49, 19, 7, 14, CAST(450.00 AS Decimal(10, 2)), CAST(24300.00 AS Decimal(12, 2)), CAST(54.00 AS Decimal(10, 2)), CAST(1580000.00 AS Decimal(14, 2)), CAST(N'2023-10-16' AS Date), CAST(N'2024-03-21' AS Date), N'Finalizada', CAST(N'2026-06-15T21:19:39.490' AS DateTime))
INSERT [dbo].[Produção] ([id_producao], [id_fazenda], [id_cultura], [id_safra], [area_plantada_hectares], [quantidade_produzida], [produtividade_hectare], [custo_producao], [data_inicio_plantio], [data_fim_colheita], [status_producao], [data_cadastro]) VALUES (50, 20, 1, 14, CAST(470.00 AS Decimal(10, 2)), CAST(29140.00 AS Decimal(12, 2)), CAST(62.00 AS Decimal(10, 2)), CAST(2380000.00 AS Decimal(14, 2)), CAST(N'2023-10-08' AS Date), CAST(N'2024-03-14' AS Date), N'Finalizada', CAST(N'2026-06-15T21:19:39.490' AS DateTime))
INSERT [dbo].[Produção] ([id_producao], [id_fazenda], [id_cultura], [id_safra], [area_plantada_hectares], [quantidade_produzida], [produtividade_hectare], [custo_producao], [data_inicio_plantio], [data_fim_colheita], [status_producao], [data_cadastro]) VALUES (51, 21, 2, 16, CAST(530.00 AS Decimal(10, 2)), NULL, NULL, CAST(2620000.00 AS Decimal(14, 2)), CAST(N'2025-10-04' AS Date), NULL, N'Em andamento', CAST(N'2026-06-15T21:19:39.490' AS DateTime))
INSERT [dbo].[Produção] ([id_producao], [id_fazenda], [id_cultura], [id_safra], [area_plantada_hectares], [quantidade_produzida], [produtividade_hectare], [custo_producao], [data_inicio_plantio], [data_fim_colheita], [status_producao], [data_cadastro]) VALUES (52, 22, 1, 16, CAST(760.00 AS Decimal(10, 2)), NULL, NULL, CAST(3890000.00 AS Decimal(14, 2)), CAST(N'2025-10-06' AS Date), NULL, N'Em andamento', CAST(N'2026-06-15T21:19:39.490' AS DateTime))
INSERT [dbo].[Produção] ([id_producao], [id_fazenda], [id_cultura], [id_safra], [area_plantada_hectares], [quantidade_produzida], [produtividade_hectare], [custo_producao], [data_inicio_plantio], [data_fim_colheita], [status_producao], [data_cadastro]) VALUES (53, 23, 3, 16, CAST(690.00 AS Decimal(10, 2)), NULL, NULL, CAST(3980000.00 AS Decimal(14, 2)), CAST(N'2025-09-19' AS Date), NULL, N'Em andamento', CAST(N'2026-06-15T21:19:39.490' AS DateTime))
INSERT [dbo].[Produção] ([id_producao], [id_fazenda], [id_cultura], [id_safra], [area_plantada_hectares], [quantidade_produzida], [produtividade_hectare], [custo_producao], [data_inicio_plantio], [data_fim_colheita], [status_producao], [data_cadastro]) VALUES (54, 24, 4, 16, CAST(410.00 AS Decimal(10, 2)), NULL, NULL, CAST(1080000.00 AS Decimal(14, 2)), CAST(N'2025-10-12' AS Date), NULL, N'Em andamento', CAST(N'2026-06-15T21:19:39.490' AS DateTime))
INSERT [dbo].[Produção] ([id_producao], [id_fazenda], [id_cultura], [id_safra], [area_plantada_hectares], [quantidade_produzida], [produtividade_hectare], [custo_producao], [data_inicio_plantio], [data_fim_colheita], [status_producao], [data_cadastro]) VALUES (55, 25, 1, 16, CAST(990.00 AS Decimal(10, 2)), NULL, NULL, CAST(5020000.00 AS Decimal(14, 2)), CAST(N'2025-10-03' AS Date), NULL, N'Em andamento', CAST(N'2026-06-15T21:19:39.490' AS DateTime))
INSERT [dbo].[Produção] ([id_producao], [id_fazenda], [id_cultura], [id_safra], [area_plantada_hectares], [quantidade_produzida], [produtividade_hectare], [custo_producao], [data_inicio_plantio], [data_fim_colheita], [status_producao], [data_cadastro]) VALUES (56, 26, 4, 16, CAST(860.00 AS Decimal(10, 2)), NULL, NULL, CAST(6050000.00 AS Decimal(14, 2)), CAST(N'2025-11-01' AS Date), NULL, N'Em andamento', CAST(N'2026-06-15T21:19:39.490' AS DateTime))
INSERT [dbo].[Produção] ([id_producao], [id_fazenda], [id_cultura], [id_safra], [area_plantada_hectares], [quantidade_produzida], [produtividade_hectare], [custo_producao], [data_inicio_plantio], [data_fim_colheita], [status_producao], [data_cadastro]) VALUES (57, 27, 6, 16, CAST(440.00 AS Decimal(10, 2)), NULL, NULL, CAST(1120000.00 AS Decimal(14, 2)), CAST(N'2025-10-14' AS Date), NULL, N'Em andamento', CAST(N'2026-06-15T21:19:39.490' AS DateTime))
INSERT [dbo].[Produção] ([id_producao], [id_fazenda], [id_cultura], [id_safra], [area_plantada_hectares], [quantidade_produzida], [produtividade_hectare], [custo_producao], [data_inicio_plantio], [data_fim_colheita], [status_producao], [data_cadastro]) VALUES (58, 28, 2, 16, CAST(1680.00 AS Decimal(10, 2)), NULL, NULL, CAST(8380000.00 AS Decimal(14, 2)), CAST(N'2025-10-07' AS Date), NULL, N'Em andamento', CAST(N'2026-06-15T21:19:39.490' AS DateTime))
INSERT [dbo].[Produção] ([id_producao], [id_fazenda], [id_cultura], [id_safra], [area_plantada_hectares], [quantidade_produzida], [produtividade_hectare], [custo_producao], [data_inicio_plantio], [data_fim_colheita], [status_producao], [data_cadastro]) VALUES (59, 29, 7, 16, CAST(520.00 AS Decimal(10, 2)), NULL, NULL, CAST(1750000.00 AS Decimal(14, 2)), CAST(N'2025-10-16' AS Date), NULL, N'Em andamento', CAST(N'2026-06-15T21:19:39.490' AS DateTime))
INSERT [dbo].[Produção] ([id_producao], [id_fazenda], [id_cultura], [id_safra], [area_plantada_hectares], [quantidade_produzida], [produtividade_hectare], [custo_producao], [data_inicio_plantio], [data_fim_colheita], [status_producao], [data_cadastro]) VALUES (60, 30, 1, 16, CAST(780.00 AS Decimal(10, 2)), NULL, NULL, CAST(3920000.00 AS Decimal(14, 2)), CAST(N'2025-10-05' AS Date), NULL, N'Em andamento', CAST(N'2026-06-15T21:19:39.490' AS DateTime))
INSERT [dbo].[Produção] ([id_producao], [id_fazenda], [id_cultura], [id_safra], [area_plantada_hectares], [quantidade_produzida], [produtividade_hectare], [custo_producao], [data_inicio_plantio], [data_fim_colheita], [status_producao], [data_cadastro]) VALUES (61, 1, 5, 13, CAST(780.00 AS Decimal(10, 2)), CAST(70200.00 AS Decimal(12, 2)), CAST(90.00 AS Decimal(10, 2)), CAST(4900000.00 AS Decimal(14, 2)), CAST(N'2022-09-10' AS Date), CAST(N'2023-09-15' AS Date), N'Finalizada', CAST(N'2026-06-15T21:21:06.927' AS DateTime))
INSERT [dbo].[Produção] ([id_producao], [id_fazenda], [id_cultura], [id_safra], [area_plantada_hectares], [quantidade_produzida], [produtividade_hectare], [custo_producao], [data_inicio_plantio], [data_fim_colheita], [status_producao], [data_cadastro]) VALUES (62, 2, 9, 13, CAST(350.00 AS Decimal(10, 2)), CAST(19250.00 AS Decimal(12, 2)), CAST(55.00 AS Decimal(10, 2)), CAST(1200000.00 AS Decimal(14, 2)), CAST(N'2022-10-05' AS Date), CAST(N'2023-02-20' AS Date), N'Finalizada', CAST(N'2026-06-15T21:21:06.927' AS DateTime))
INSERT [dbo].[Produção] ([id_producao], [id_fazenda], [id_cultura], [id_safra], [area_plantada_hectares], [quantidade_produzida], [produtividade_hectare], [custo_producao], [data_inicio_plantio], [data_fim_colheita], [status_producao], [data_cadastro]) VALUES (63, 3, 10, 13, CAST(420.00 AS Decimal(10, 2)), CAST(25200.00 AS Decimal(12, 2)), CAST(60.00 AS Decimal(10, 2)), CAST(1550000.00 AS Decimal(14, 2)), CAST(N'2022-10-10' AS Date), CAST(N'2023-03-10' AS Date), N'Finalizada', CAST(N'2026-06-15T21:21:06.927' AS DateTime))
INSERT [dbo].[Produção] ([id_producao], [id_fazenda], [id_cultura], [id_safra], [area_plantada_hectares], [quantidade_produzida], [produtividade_hectare], [custo_producao], [data_inicio_plantio], [data_fim_colheita], [status_producao], [data_cadastro]) VALUES (64, 4, 11, 13, CAST(580.00 AS Decimal(10, 2)), CAST(34800.00 AS Decimal(12, 2)), CAST(60.00 AS Decimal(10, 2)), CAST(1800000.00 AS Decimal(14, 2)), CAST(N'2022-10-08' AS Date), CAST(N'2023-03-05' AS Date), N'Finalizada', CAST(N'2026-06-15T21:21:06.927' AS DateTime))
INSERT [dbo].[Produção] ([id_producao], [id_fazenda], [id_cultura], [id_safra], [area_plantada_hectares], [quantidade_produzida], [produtividade_hectare], [custo_producao], [data_inicio_plantio], [data_fim_colheita], [status_producao], [data_cadastro]) VALUES (65, 5, 12, 13, CAST(460.00 AS Decimal(10, 2)), CAST(25760.00 AS Decimal(12, 2)), CAST(56.00 AS Decimal(10, 2)), CAST(1450000.00 AS Decimal(14, 2)), CAST(N'2022-10-12' AS Date), CAST(N'2023-03-12' AS Date), N'Finalizada', CAST(N'2026-06-15T21:21:06.927' AS DateTime))
INSERT [dbo].[Produção] ([id_producao], [id_fazenda], [id_cultura], [id_safra], [area_plantada_hectares], [quantidade_produzida], [produtividade_hectare], [custo_producao], [data_inicio_plantio], [data_fim_colheita], [status_producao], [data_cadastro]) VALUES (66, 6, 13, 13, CAST(540.00 AS Decimal(10, 2)), CAST(31860.00 AS Decimal(12, 2)), CAST(59.00 AS Decimal(10, 2)), CAST(1720000.00 AS Decimal(14, 2)), CAST(N'2022-10-09' AS Date), CAST(N'2023-03-15' AS Date), N'Finalizada', CAST(N'2026-06-15T21:21:06.927' AS DateTime))
INSERT [dbo].[Produção] ([id_producao], [id_fazenda], [id_cultura], [id_safra], [area_plantada_hectares], [quantidade_produzida], [produtividade_hectare], [custo_producao], [data_inicio_plantio], [data_fim_colheita], [status_producao], [data_cadastro]) VALUES (67, 7, 14, 13, CAST(600.00 AS Decimal(10, 2)), CAST(18000.00 AS Decimal(12, 2)), CAST(30.00 AS Decimal(10, 2)), CAST(2100000.00 AS Decimal(14, 2)), CAST(N'2022-09-15' AS Date), CAST(N'2023-07-10' AS Date), N'Finalizada', CAST(N'2026-06-15T21:21:06.927' AS DateTime))
INSERT [dbo].[Produção] ([id_producao], [id_fazenda], [id_cultura], [id_safra], [area_plantada_hectares], [quantidade_produzida], [produtividade_hectare], [custo_producao], [data_inicio_plantio], [data_fim_colheita], [status_producao], [data_cadastro]) VALUES (68, 8, 15, 13, CAST(320.00 AS Decimal(10, 2)), CAST(16000.00 AS Decimal(12, 2)), CAST(50.00 AS Decimal(10, 2)), CAST(1350000.00 AS Decimal(14, 2)), CAST(N'2022-10-01' AS Date), CAST(N'2023-02-28' AS Date), N'Finalizada', CAST(N'2026-06-15T21:21:06.927' AS DateTime))
INSERT [dbo].[Produção] ([id_producao], [id_fazenda], [id_cultura], [id_safra], [area_plantada_hectares], [quantidade_produzida], [produtividade_hectare], [custo_producao], [data_inicio_plantio], [data_fim_colheita], [status_producao], [data_cadastro]) VALUES (69, 9, 16, 13, CAST(720.00 AS Decimal(10, 2)), CAST(39600.00 AS Decimal(12, 2)), CAST(55.00 AS Decimal(10, 2)), CAST(2500000.00 AS Decimal(14, 2)), CAST(N'2022-09-20' AS Date), CAST(N'2023-08-15' AS Date), N'Finalizada', CAST(N'2026-06-15T21:21:06.927' AS DateTime))
INSERT [dbo].[Produção] ([id_producao], [id_fazenda], [id_cultura], [id_safra], [area_plantada_hectares], [quantidade_produzida], [produtividade_hectare], [custo_producao], [data_inicio_plantio], [data_fim_colheita], [status_producao], [data_cadastro]) VALUES (70, 10, 17, 13, CAST(680.00 AS Decimal(10, 2)), CAST(30600.00 AS Decimal(12, 2)), CAST(45.00 AS Decimal(10, 2)), CAST(1950000.00 AS Decimal(14, 2)), CAST(N'2022-10-05' AS Date), CAST(N'2023-04-12' AS Date), N'Finalizada', CAST(N'2026-06-15T21:21:06.927' AS DateTime))
INSERT [dbo].[Produção] ([id_producao], [id_fazenda], [id_cultura], [id_safra], [area_plantada_hectares], [quantidade_produzida], [produtividade_hectare], [custo_producao], [data_inicio_plantio], [data_fim_colheita], [status_producao], [data_cadastro]) VALUES (71, 11, 18, 13, CAST(490.00 AS Decimal(10, 2)), CAST(26950.00 AS Decimal(12, 2)), CAST(55.00 AS Decimal(10, 2)), CAST(1600000.00 AS Decimal(14, 2)), CAST(N'2022-10-03' AS Date), CAST(N'2023-03-18' AS Date), N'Finalizada', CAST(N'2026-06-15T21:21:06.927' AS DateTime))
INSERT [dbo].[Produção] ([id_producao], [id_fazenda], [id_cultura], [id_safra], [area_plantada_hectares], [quantidade_produzida], [produtividade_hectare], [custo_producao], [data_inicio_plantio], [data_fim_colheita], [status_producao], [data_cadastro]) VALUES (72, 12, 19, 13, CAST(380.00 AS Decimal(10, 2)), CAST(13300.00 AS Decimal(12, 2)), CAST(35.00 AS Decimal(10, 2)), CAST(1750000.00 AS Decimal(14, 2)), CAST(N'2022-09-12' AS Date), CAST(N'2023-06-30' AS Date), N'Finalizada', CAST(N'2026-06-15T21:21:06.927' AS DateTime))
INSERT [dbo].[Produção] ([id_producao], [id_fazenda], [id_cultura], [id_safra], [area_plantada_hectares], [quantidade_produzida], [produtividade_hectare], [custo_producao], [data_inicio_plantio], [data_fim_colheita], [status_producao], [data_cadastro]) VALUES (73, 13, 20, 13, CAST(260.00 AS Decimal(10, 2)), CAST(14040.00 AS Decimal(12, 2)), CAST(54.00 AS Decimal(10, 2)), CAST(980000.00 AS Decimal(14, 2)), CAST(N'2022-10-11' AS Date), CAST(N'2023-03-20' AS Date), N'Finalizada', CAST(N'2026-06-15T21:21:06.927' AS DateTime))
INSERT [dbo].[Produção] ([id_producao], [id_fazenda], [id_cultura], [id_safra], [area_plantada_hectares], [quantidade_produzida], [produtividade_hectare], [custo_producao], [data_inicio_plantio], [data_fim_colheita], [status_producao], [data_cadastro]) VALUES (74, 14, 1, 13, CAST(1050.00 AS Decimal(10, 2)), CAST(64050.00 AS Decimal(12, 2)), CAST(61.00 AS Decimal(10, 2)), CAST(5300000.00 AS Decimal(14, 2)), CAST(N'2022-10-04' AS Date), CAST(N'2023-03-12' AS Date), N'Finalizada', CAST(N'2026-06-15T21:21:06.927' AS DateTime))
INSERT [dbo].[Produção] ([id_producao], [id_fazenda], [id_cultura], [id_safra], [area_plantada_hectares], [quantidade_produzida], [produtividade_hectare], [custo_producao], [data_inicio_plantio], [data_fim_colheita], [status_producao], [data_cadastro]) VALUES (75, 15, 2, 13, CAST(390.00 AS Decimal(10, 2)), CAST(23790.00 AS Decimal(12, 2)), CAST(61.00 AS Decimal(10, 2)), CAST(1850000.00 AS Decimal(14, 2)), CAST(N'2022-10-07' AS Date), CAST(N'2023-03-15' AS Date), N'Finalizada', CAST(N'2026-06-15T21:21:06.927' AS DateTime))
INSERT [dbo].[Produção] ([id_producao], [id_fazenda], [id_cultura], [id_safra], [area_plantada_hectares], [quantidade_produzida], [produtividade_hectare], [custo_producao], [data_inicio_plantio], [data_fim_colheita], [status_producao], [data_cadastro]) VALUES (76, 16, 3, 13, CAST(1320.00 AS Decimal(10, 2)), CAST(80520.00 AS Decimal(12, 2)), CAST(61.00 AS Decimal(10, 2)), CAST(6750000.00 AS Decimal(14, 2)), CAST(N'2022-10-02' AS Date), CAST(N'2023-03-10' AS Date), N'Finalizada', CAST(N'2026-06-15T21:21:06.927' AS DateTime))
INSERT [dbo].[Produção] ([id_producao], [id_fazenda], [id_cultura], [id_safra], [area_plantada_hectares], [quantidade_produzida], [produtividade_hectare], [custo_producao], [data_inicio_plantio], [data_fim_colheita], [status_producao], [data_cadastro]) VALUES (77, 17, 4, 13, CAST(540.00 AS Decimal(10, 2)), CAST(21060.00 AS Decimal(12, 2)), CAST(39.00 AS Decimal(10, 2)), CAST(1450000.00 AS Decimal(14, 2)), CAST(N'2022-10-14' AS Date), CAST(N'2023-03-02' AS Date), N'Finalizada', CAST(N'2026-06-15T21:21:06.927' AS DateTime))
INSERT [dbo].[Produção] ([id_producao], [id_fazenda], [id_cultura], [id_safra], [area_plantada_hectares], [quantidade_produzida], [produtividade_hectare], [custo_producao], [data_inicio_plantio], [data_fim_colheita], [status_producao], [data_cadastro]) VALUES (78, 18, 5, 13, CAST(890.00 AS Decimal(10, 2)), CAST(53400.00 AS Decimal(12, 2)), CAST(60.00 AS Decimal(10, 2)), CAST(6300000.00 AS Decimal(14, 2)), CAST(N'2022-11-01' AS Date), CAST(N'2023-04-09' AS Date), N'Finalizada', CAST(N'2026-06-15T21:21:06.927' AS DateTime))
INSERT [dbo].[Produção] ([id_producao], [id_fazenda], [id_cultura], [id_safra], [area_plantada_hectares], [quantidade_produzida], [produtividade_hectare], [custo_producao], [data_inicio_plantio], [data_fim_colheita], [status_producao], [data_cadastro]) VALUES (79, 19, 6, 13, CAST(760.00 AS Decimal(10, 2)), CAST(26600.00 AS Decimal(12, 2)), CAST(35.00 AS Decimal(10, 2)), CAST(4100000.00 AS Decimal(14, 2)), CAST(N'2022-09-18' AS Date), CAST(N'2023-06-25' AS Date), N'Finalizada', CAST(N'2026-06-15T21:21:06.927' AS DateTime))
INSERT [dbo].[Produção] ([id_producao], [id_fazenda], [id_cultura], [id_safra], [area_plantada_hectares], [quantidade_produzida], [produtividade_hectare], [custo_producao], [data_inicio_plantio], [data_fim_colheita], [status_producao], [data_cadastro]) VALUES (80, 20, 7, 13, CAST(1180.00 AS Decimal(10, 2)), CAST(74340.00 AS Decimal(12, 2)), CAST(63.00 AS Decimal(10, 2)), CAST(5900000.00 AS Decimal(14, 2)), CAST(N'2022-10-09' AS Date), CAST(N'2023-03-14' AS Date), N'Finalizada', CAST(N'2026-06-15T21:21:06.927' AS DateTime))
INSERT [dbo].[Produção] ([id_producao], [id_fazenda], [id_cultura], [id_safra], [area_plantada_hectares], [quantidade_produzida], [produtividade_hectare], [custo_producao], [data_inicio_plantio], [data_fim_colheita], [status_producao], [data_cadastro]) VALUES (81, 1, 1, 17, CAST(820.00 AS Decimal(10, 2)), NULL, NULL, CAST(4500000.00 AS Decimal(14, 2)), CAST(N'2026-10-05' AS Date), NULL, N'Planejada', CAST(N'2026-06-15T21:21:06.927' AS DateTime))
INSERT [dbo].[Produção] ([id_producao], [id_fazenda], [id_cultura], [id_safra], [area_plantada_hectares], [quantidade_produzida], [produtividade_hectare], [custo_producao], [data_inicio_plantio], [data_fim_colheita], [status_producao], [data_cadastro]) VALUES (82, 2, 2, 17, CAST(400.00 AS Decimal(10, 2)), NULL, NULL, CAST(1900000.00 AS Decimal(14, 2)), CAST(N'2026-10-08' AS Date), NULL, N'Planejada', CAST(N'2026-06-15T21:21:06.927' AS DateTime))
INSERT [dbo].[Produção] ([id_producao], [id_fazenda], [id_cultura], [id_safra], [area_plantada_hectares], [quantidade_produzida], [produtividade_hectare], [custo_producao], [data_inicio_plantio], [data_fim_colheita], [status_producao], [data_cadastro]) VALUES (83, 3, 1, 17, CAST(1480.00 AS Decimal(10, 2)), NULL, NULL, CAST(7600000.00 AS Decimal(14, 2)), CAST(N'2026-10-03' AS Date), NULL, N'Planejada', CAST(N'2026-06-15T21:21:06.927' AS DateTime))
INSERT [dbo].[Produção] ([id_producao], [id_fazenda], [id_cultura], [id_safra], [area_plantada_hectares], [quantidade_produzida], [produtividade_hectare], [custo_producao], [data_inicio_plantio], [data_fim_colheita], [status_producao], [data_cadastro]) VALUES (84, 4, 6, 17, CAST(510.00 AS Decimal(10, 2)), NULL, NULL, CAST(1320000.00 AS Decimal(14, 2)), CAST(N'2026-10-15' AS Date), NULL, N'Planejada', CAST(N'2026-06-15T21:21:06.927' AS DateTime))
INSERT [dbo].[Produção] ([id_producao], [id_fazenda], [id_cultura], [id_safra], [area_plantada_hectares], [quantidade_produzida], [produtividade_hectare], [custo_producao], [data_inicio_plantio], [data_fim_colheita], [status_producao], [data_cadastro]) VALUES (85, 5, 4, 17, CAST(900.00 AS Decimal(10, 2)), NULL, NULL, CAST(6400000.00 AS Decimal(14, 2)), CAST(N'2026-11-02' AS Date), NULL, N'Planejada', CAST(N'2026-06-15T21:21:06.927' AS DateTime))
INSERT [dbo].[Produção] ([id_producao], [id_fazenda], [id_cultura], [id_safra], [area_plantada_hectares], [quantidade_produzida], [produtividade_hectare], [custo_producao], [data_inicio_plantio], [data_fim_colheita], [status_producao], [data_cadastro]) VALUES (86, 6, 3, 17, CAST(720.00 AS Decimal(10, 2)), NULL, NULL, CAST(4100000.00 AS Decimal(14, 2)), CAST(N'2026-09-18' AS Date), NULL, N'Planejada', CAST(N'2026-06-15T21:21:06.927' AS DateTime))
INSERT [dbo].[Produção] ([id_producao], [id_fazenda], [id_cultura], [id_safra], [area_plantada_hectares], [quantidade_produzida], [produtividade_hectare], [custo_producao], [data_inicio_plantio], [data_fim_colheita], [status_producao], [data_cadastro]) VALUES (87, 7, 1, 17, CAST(1060.00 AS Decimal(10, 2)), NULL, NULL, CAST(5500000.00 AS Decimal(14, 2)), CAST(N'2026-10-09' AS Date), NULL, N'Planejada', CAST(N'2026-06-15T21:21:06.927' AS DateTime))
INSERT [dbo].[Produção] ([id_producao], [id_fazenda], [id_cultura], [id_safra], [area_plantada_hectares], [quantidade_produzida], [produtividade_hectare], [custo_producao], [data_inicio_plantio], [data_fim_colheita], [status_producao], [data_cadastro]) VALUES (88, 8, 2, 17, CAST(2250.00 AS Decimal(10, 2)), NULL, NULL, CAST(11000000.00 AS Decimal(14, 2)), CAST(N'2026-10-04' AS Date), NULL, N'Planejada', CAST(N'2026-06-15T21:21:06.927' AS DateTime))
INSERT [dbo].[Produção] ([id_producao], [id_fazenda], [id_cultura], [id_safra], [area_plantada_hectares], [quantidade_produzida], [produtividade_hectare], [custo_producao], [data_inicio_plantio], [data_fim_colheita], [status_producao], [data_cadastro]) VALUES (89, 9, 7, 17, CAST(470.00 AS Decimal(10, 2)), NULL, NULL, CAST(1680000.00 AS Decimal(14, 2)), CAST(N'2026-10-16' AS Date), NULL, N'Planejada', CAST(N'2026-06-15T21:21:06.927' AS DateTime))
INSERT [dbo].[Produção] ([id_producao], [id_fazenda], [id_cultura], [id_safra], [area_plantada_hectares], [quantidade_produzida], [produtividade_hectare], [custo_producao], [data_inicio_plantio], [data_fim_colheita], [status_producao], [data_cadastro]) VALUES (90, 10, 1, 17, CAST(430.00 AS Decimal(10, 2)), NULL, NULL, CAST(2200000.00 AS Decimal(14, 2)), CAST(N'2026-10-07' AS Date), NULL, N'Planejada', CAST(N'2026-06-15T21:21:06.927' AS DateTime))
INSERT [dbo].[Produção] ([id_producao], [id_fazenda], [id_cultura], [id_safra], [area_plantada_hectares], [quantidade_produzida], [produtividade_hectare], [custo_producao], [data_inicio_plantio], [data_fim_colheita], [status_producao], [data_cadastro]) VALUES (91, 11, 5, 17, CAST(790.00 AS Decimal(10, 2)), NULL, NULL, CAST(5000000.00 AS Decimal(14, 2)), CAST(N'2026-09-12' AS Date), NULL, N'Planejada', CAST(N'2026-06-15T21:21:06.927' AS DateTime))
INSERT [dbo].[Produção] ([id_producao], [id_fazenda], [id_cultura], [id_safra], [area_plantada_hectares], [quantidade_produzida], [produtividade_hectare], [custo_producao], [data_inicio_plantio], [data_fim_colheita], [status_producao], [data_cadastro]) VALUES (92, 12, 8, 17, CAST(680.00 AS Decimal(10, 2)), NULL, NULL, CAST(2900000.00 AS Decimal(14, 2)), CAST(N'2026-10-10' AS Date), NULL, N'Planejada', CAST(N'2026-06-15T21:21:06.927' AS DateTime))
INSERT [dbo].[Produção] ([id_producao], [id_fazenda], [id_cultura], [id_safra], [area_plantada_hectares], [quantidade_produzida], [produtividade_hectare], [custo_producao], [data_inicio_plantio], [data_fim_colheita], [status_producao], [data_cadastro]) VALUES (93, 13, 1, 17, CAST(1210.00 AS Decimal(10, 2)), NULL, NULL, CAST(6150000.00 AS Decimal(14, 2)), CAST(N'2026-10-03' AS Date), NULL, N'Planejada', CAST(N'2026-06-15T21:21:06.927' AS DateTime))
INSERT [dbo].[Produção] ([id_producao], [id_fazenda], [id_cultura], [id_safra], [area_plantada_hectares], [quantidade_produzida], [produtividade_hectare], [custo_producao], [data_inicio_plantio], [data_fim_colheita], [status_producao], [data_cadastro]) VALUES (94, 14, 6, 17, CAST(710.00 AS Decimal(10, 2)), NULL, NULL, CAST(1820000.00 AS Decimal(14, 2)), CAST(N'2026-10-20' AS Date), NULL, N'Planejada', CAST(N'2026-06-15T21:21:06.927' AS DateTime))
INSERT [dbo].[Produção] ([id_producao], [id_fazenda], [id_cultura], [id_safra], [area_plantada_hectares], [quantidade_produzida], [produtividade_hectare], [custo_producao], [data_inicio_plantio], [data_fim_colheita], [status_producao], [data_cadastro]) VALUES (95, 15, 4, 17, CAST(930.00 AS Decimal(10, 2)), NULL, NULL, CAST(6700000.00 AS Decimal(14, 2)), CAST(N'2026-11-03' AS Date), NULL, N'Planejada', CAST(N'2026-06-15T21:21:06.927' AS DateTime))
INSERT [dbo].[Produção] ([id_producao], [id_fazenda], [id_cultura], [id_safra], [area_plantada_hectares], [quantidade_produzida], [produtividade_hectare], [custo_producao], [data_inicio_plantio], [data_fim_colheita], [status_producao], [data_cadastro]) VALUES (96, 16, 3, 17, CAST(560.00 AS Decimal(10, 2)), NULL, NULL, CAST(3000000.00 AS Decimal(14, 2)), CAST(N'2026-09-20' AS Date), NULL, N'Planejada', CAST(N'2026-06-15T21:21:06.927' AS DateTime))
INSERT [dbo].[Produção] ([id_producao], [id_fazenda], [id_cultura], [id_safra], [area_plantada_hectares], [quantidade_produzida], [produtividade_hectare], [custo_producao], [data_inicio_plantio], [data_fim_colheita], [status_producao], [data_cadastro]) VALUES (97, 17, 1, 17, CAST(1310.00 AS Decimal(10, 2)), NULL, NULL, CAST(6800000.00 AS Decimal(14, 2)), CAST(N'2026-10-08' AS Date), NULL, N'Planejada', CAST(N'2026-06-15T21:21:06.927' AS DateTime))
INSERT [dbo].[Produção] ([id_producao], [id_fazenda], [id_cultura], [id_safra], [area_plantada_hectares], [quantidade_produzida], [produtividade_hectare], [custo_producao], [data_inicio_plantio], [data_fim_colheita], [status_producao], [data_cadastro]) VALUES (98, 18, 2, 17, CAST(2050.00 AS Decimal(10, 2)), NULL, NULL, CAST(10100000.00 AS Decimal(14, 2)), CAST(N'2026-10-05' AS Date), NULL, N'Planejada', CAST(N'2026-06-15T21:21:06.927' AS DateTime))
INSERT [dbo].[Produção] ([id_producao], [id_fazenda], [id_cultura], [id_safra], [area_plantada_hectares], [quantidade_produzida], [produtividade_hectare], [custo_producao], [data_inicio_plantio], [data_fim_colheita], [status_producao], [data_cadastro]) VALUES (99, 19, 7, 17, CAST(450.00 AS Decimal(10, 2)), NULL, NULL, CAST(1600000.00 AS Decimal(14, 2)), CAST(N'2026-10-17' AS Date), NULL, N'Planejada', CAST(N'2026-06-15T21:21:06.927' AS DateTime))
GO
INSERT [dbo].[Produção] ([id_producao], [id_fazenda], [id_cultura], [id_safra], [area_plantada_hectares], [quantidade_produzida], [produtividade_hectare], [custo_producao], [data_inicio_plantio], [data_fim_colheita], [status_producao], [data_cadastro]) VALUES (100, 20, 1, 17, CAST(490.00 AS Decimal(10, 2)), NULL, NULL, CAST(2450000.00 AS Decimal(14, 2)), CAST(N'2026-10-08' AS Date), NULL, N'Planejada', CAST(N'2026-06-15T21:21:06.927' AS DateTime))
SET IDENTITY_INSERT [dbo].[Produção] OFF
GO
SET IDENTITY_INSERT [dbo].[Produtores] ON 

INSERT [dbo].[Produtores] ([id_produtor], [nome_produtor], [cpf], [sexo], [data_de_nascimento], [telefone], [email], [status_produtor]) VALUES (1, N'João Batista de Souza', N'31452789011', N'M', CAST(N'1974-05-12' AS Date), N'66996451238', N'joao.souza@agroinsight.com', N'Ativo')
INSERT [dbo].[Produtores] ([id_produtor], [nome_produtor], [cpf], [sexo], [data_de_nascimento], [telefone], [email], [status_produtor]) VALUES (2, N'Carlos Henrique Oliveira', N'58793421065', N'M', CAST(N'1982-08-21' AS Date), N'64998125476', N'carlos.oliveira@agroinsight.com', N'Inativo')
INSERT [dbo].[Produtores] ([id_produtor], [nome_produtor], [cpf], [sexo], [data_de_nascimento], [telefone], [email], [status_produtor]) VALUES (3, N'José Roberto Almeida', N'14682973542', N'M', CAST(N'1968-03-17' AS Date), N'34998871234', N'jose.almeida@agroinsight.com', N'Inativo')
INSERT [dbo].[Produtores] ([id_produtor], [nome_produtor], [cpf], [sexo], [data_de_nascimento], [telefone], [email], [status_produtor]) VALUES (4, N'Fernanda Cristina Lima', N'25371698405', N'F', CAST(N'1988-11-02' AS Date), N'11997765432', N'fernanda.lima@agroinsight.com', N'Ativo')
INSERT [dbo].[Produtores] ([id_produtor], [nome_produtor], [cpf], [sexo], [data_de_nascimento], [telefone], [email], [status_produtor]) VALUES (5, N'Mariana Ribeiro Costa', N'37942186514', N'F', CAST(N'1992-06-15' AS Date), N'16998543217', N'mariana.costa@agroinsight.com', NULL)
INSERT [dbo].[Produtores] ([id_produtor], [nome_produtor], [cpf], [sexo], [data_de_nascimento], [telefone], [email], [status_produtor]) VALUES (6, N'Paulo Sérgio Martins', N'48271593620', N'M', CAST(N'1977-09-27' AS Date), N'67997314528', N'paulo.martins@agroinsight.com', NULL)
INSERT [dbo].[Produtores] ([id_produtor], [nome_produtor], [cpf], [sexo], [data_de_nascimento], [telefone], [email], [status_produtor]) VALUES (7, N'Ricardo Gomes Ferreira', N'61528497311', N'M', CAST(N'1985-02-10' AS Date), N'62996871254', N'ricardo.ferreira@agroinsight.com', NULL)
INSERT [dbo].[Produtores] ([id_produtor], [nome_produtor], [cpf], [sexo], [data_de_nascimento], [telefone], [email], [status_produtor]) VALUES (8, N'Luciana Barbosa Santos', N'92418537642', N'F', CAST(N'1990-04-29' AS Date), N'34997654328', N'luciana.santos@agroinsight.com', N'Ativo')
INSERT [dbo].[Produtores] ([id_produtor], [nome_produtor], [cpf], [sexo], [data_de_nascimento], [telefone], [email], [status_produtor]) VALUES (9, N'Antônio Carlos Vieira', N'75163829410', N'M', CAST(N'1971-07-19' AS Date), N'45998456123', N'antonio.vieira@agroinsight.com', N'Inativo')
INSERT [dbo].[Produtores] ([id_produtor], [nome_produtor], [cpf], [sexo], [data_de_nascimento], [telefone], [email], [status_produtor]) VALUES (10, N'Rafael Mendes Rocha', N'36428175908', N'M', CAST(N'1994-01-23' AS Date), N'11998234176', N'rafael.rocha@agroinsight.com', N'Ativo')
INSERT [dbo].[Produtores] ([id_produtor], [nome_produtor], [cpf], [sexo], [data_de_nascimento], [telefone], [email], [status_produtor]) VALUES (11, N'Marcelo Augusto Pereira', N'93841572604', N'M', CAST(N'1979-12-03' AS Date), N'66997561342', N'marcelo.pereira@agroinsight.com', N'Inativo')
INSERT [dbo].[Produtores] ([id_produtor], [nome_produtor], [cpf], [sexo], [data_de_nascimento], [telefone], [email], [status_produtor]) VALUES (12, N'Daniela Alves Barbosa', N'27519483617', N'F', CAST(N'1987-10-11' AS Date), N'64997843215', N'daniela.barbosa@agroinsight.com', N'Inativo')
INSERT [dbo].[Produtores] ([id_produtor], [nome_produtor], [cpf], [sexo], [data_de_nascimento], [telefone], [email], [status_produtor]) VALUES (13, N'Luiz Fernando Costa', N'58147293608', N'M', CAST(N'1975-05-09' AS Date), N'62998547621', N'luiz.costa@agroinsight.com', N'Ativo')
INSERT [dbo].[Produtores] ([id_produtor], [nome_produtor], [cpf], [sexo], [data_de_nascimento], [telefone], [email], [status_produtor]) VALUES (14, N'Patrícia Mendes Lopes', N'84371629530', N'F', CAST(N'1991-08-05' AS Date), N'34998123764', N'patricia.lopes@agroinsight.com', N'Inativo')
INSERT [dbo].[Produtores] ([id_produtor], [nome_produtor], [cpf], [sexo], [data_de_nascimento], [telefone], [email], [status_produtor]) VALUES (15, N'Eduardo César Rodrigues', N'16953842712', N'M', CAST(N'1980-06-30' AS Date), N'67997784531', N'eduardo.rodrigues@agroinsight.com', N'Inativo')
INSERT [dbo].[Produtores] ([id_produtor], [nome_produtor], [cpf], [sexo], [data_de_nascimento], [telefone], [email], [status_produtor]) VALUES (16, N'Juliana Ribeiro Martins', N'72495163840', N'F', CAST(N'1989-03-22' AS Date), N'16998325671', N'juliana.martins@agroinsight.com', N'Inativo')
INSERT [dbo].[Produtores] ([id_produtor], [nome_produtor], [cpf], [sexo], [data_de_nascimento], [telefone], [email], [status_produtor]) VALUES (17, N'Sérgio Henrique Farias', N'39627518401', N'M', CAST(N'1973-01-15' AS Date), N'62997214863', N'sergio.farias@agroinsight.com', N'Ativo')
INSERT [dbo].[Produtores] ([id_produtor], [nome_produtor], [cpf], [sexo], [data_de_nascimento], [telefone], [email], [status_produtor]) VALUES (18, N'Vanessa Cristina Moreira', N'61597384225', N'F', CAST(N'1993-09-14' AS Date), N'11997658342', N'vanessa.moreira@agroinsight.com', N'Ativo')
INSERT [dbo].[Produtores] ([id_produtor], [nome_produtor], [cpf], [sexo], [data_de_nascimento], [telefone], [email], [status_produtor]) VALUES (19, N'Cláudio Roberto Teixeira', N'48192637580', N'M', CAST(N'1969-07-01' AS Date), N'66998612357', N'claudio.teixeira@agroinsight.com', N'Ativo')
INSERT [dbo].[Produtores] ([id_produtor], [nome_produtor], [cpf], [sexo], [data_de_nascimento], [telefone], [email], [status_produtor]) VALUES (20, N'Rodrigo Alves Cardoso', N'73851629413', N'M', CAST(N'1984-02-18' AS Date), N'67998147625', N'rodrigo.cardoso@agroinsight.com', N'Ativo')
INSERT [dbo].[Produtores] ([id_produtor], [nome_produtor], [cpf], [sexo], [data_de_nascimento], [telefone], [email], [status_produtor]) VALUES (21, N'Adriana Gomes Ribeiro', N'25618493752', N'F', CAST(N'1986-11-20' AS Date), N'34998541267', N'adriana.ribeiro@agroinsight.com', N'Inativo')
INSERT [dbo].[Produtores] ([id_produtor], [nome_produtor], [cpf], [sexo], [data_de_nascimento], [telefone], [email], [status_produtor]) VALUES (22, N'Leandro Pereira da Silva', N'84726159308', N'M', CAST(N'1981-04-06' AS Date), N'62998371542', N'leandro.silva@agroinsight.com', N'Inativo')
INSERT [dbo].[Produtores] ([id_produtor], [nome_produtor], [cpf], [sexo], [data_de_nascimento], [telefone], [email], [status_produtor]) VALUES (23, N'Renata Carvalho Lima', N'19374628519', N'F', CAST(N'1990-06-08' AS Date), N'16997684125', N'renata.lima@agroinsight.com', N'Ativo')
INSERT [dbo].[Produtores] ([id_produtor], [nome_produtor], [cpf], [sexo], [data_de_nascimento], [telefone], [email], [status_produtor]) VALUES (24, N'Fábio Augusto Melo', N'56823917420', N'M', CAST(N'1976-08-26' AS Date), N'45998276341', N'fabio.melo@agroinsight.com', N'Inativo')
INSERT [dbo].[Produtores] ([id_produtor], [nome_produtor], [cpf], [sexo], [data_de_nascimento], [telefone], [email], [status_produtor]) VALUES (25, N'Camila Rocha Nunes', N'38471592641', N'F', CAST(N'1995-12-12' AS Date), N'11998432158', N'camila.nunes@agroinsight.com', N'Inativo')
INSERT [dbo].[Produtores] ([id_produtor], [nome_produtor], [cpf], [sexo], [data_de_nascimento], [telefone], [email], [status_produtor]) VALUES (26, N'Thiago Henrique Castro', N'92751638403', N'M', CAST(N'1988-05-18' AS Date), N'66997954123', N'thiago.castro@agroinsight.com', N'Ativo')
INSERT [dbo].[Produtores] ([id_produtor], [nome_produtor], [cpf], [sexo], [data_de_nascimento], [telefone], [email], [status_produtor]) VALUES (27, N'Simone Aparecida Freitas', N'64185273914', N'F', CAST(N'1983-10-07' AS Date), N'64997561834', N'simone.freitas@agroinsight.com', N'Ativo')
INSERT [dbo].[Produtores] ([id_produtor], [nome_produtor], [cpf], [sexo], [data_de_nascimento], [telefone], [email], [status_produtor]) VALUES (28, N'Roberto Luiz Andrade', N'28574193650', N'M', CAST(N'1972-03-28' AS Date), N'62998154372', N'roberto.andrade@agroinsight.com', N'Ativo')
INSERT [dbo].[Produtores] ([id_produtor], [nome_produtor], [cpf], [sexo], [data_de_nascimento], [telefone], [email], [status_produtor]) VALUES (29, N'Cristina Ferreira Moraes', N'71395826418', N'F', CAST(N'1991-01-11' AS Date), N'34998716524', N'cristina.moraes@agroinsight.com', N'Inativo')
INSERT [dbo].[Produtores] ([id_produtor], [nome_produtor], [cpf], [sexo], [data_de_nascimento], [telefone], [email], [status_produtor]) VALUES (30, N'Gustavo Henrique Barros', N'45286197306', N'M', CAST(N'1987-07-25' AS Date), N'67997432185', N'gustavo.barros@agroinsight.com', N'Ativo')
SET IDENTITY_INSERT [dbo].[Produtores] OFF
GO
SET IDENTITY_INSERT [dbo].[Safras] ON 

INSERT [dbo].[Safras] ([id_safra], [nome_safra], [ano_inicio], [ano_fim], [periodo_plantio], [periodo_colheita], [status_safra], [data_cadastro]) VALUES (1, N'2010/2011', 2010, 2011, N'Outubro', N'Março', N'Encerrada', CAST(N'2026-06-15T16:04:15.497' AS DateTime))
INSERT [dbo].[Safras] ([id_safra], [nome_safra], [ano_inicio], [ano_fim], [periodo_plantio], [periodo_colheita], [status_safra], [data_cadastro]) VALUES (2, N'2011/2012', 2011, 2012, N'Outubro', N'Março', N'Encerrada', CAST(N'2026-06-15T16:04:15.497' AS DateTime))
INSERT [dbo].[Safras] ([id_safra], [nome_safra], [ano_inicio], [ano_fim], [periodo_plantio], [periodo_colheita], [status_safra], [data_cadastro]) VALUES (3, N'2012/2013', 2012, 2013, N'Outubro', N'Março', N'Encerrada', CAST(N'2026-06-15T16:04:15.497' AS DateTime))
INSERT [dbo].[Safras] ([id_safra], [nome_safra], [ano_inicio], [ano_fim], [periodo_plantio], [periodo_colheita], [status_safra], [data_cadastro]) VALUES (4, N'2013/2014', 2013, 2014, N'Outubro', N'Março', N'Encerrada', CAST(N'2026-06-15T16:04:15.497' AS DateTime))
INSERT [dbo].[Safras] ([id_safra], [nome_safra], [ano_inicio], [ano_fim], [periodo_plantio], [periodo_colheita], [status_safra], [data_cadastro]) VALUES (5, N'2014/2015', 2014, 2015, N'Outubro', N'Março', N'Encerrada', CAST(N'2026-06-15T16:04:15.497' AS DateTime))
INSERT [dbo].[Safras] ([id_safra], [nome_safra], [ano_inicio], [ano_fim], [periodo_plantio], [periodo_colheita], [status_safra], [data_cadastro]) VALUES (6, N'2015/2016', 2015, 2016, N'Outubro', N'Março', N'Encerrada', CAST(N'2026-06-15T16:04:15.497' AS DateTime))
INSERT [dbo].[Safras] ([id_safra], [nome_safra], [ano_inicio], [ano_fim], [periodo_plantio], [periodo_colheita], [status_safra], [data_cadastro]) VALUES (7, N'2016/2017', 2016, 2017, N'Outubro', N'Março', N'Encerrada', CAST(N'2026-06-15T16:04:15.497' AS DateTime))
INSERT [dbo].[Safras] ([id_safra], [nome_safra], [ano_inicio], [ano_fim], [periodo_plantio], [periodo_colheita], [status_safra], [data_cadastro]) VALUES (8, N'2017/2018', 2017, 2018, N'Outubro', N'Março', N'Encerrada', CAST(N'2026-06-15T16:04:15.497' AS DateTime))
INSERT [dbo].[Safras] ([id_safra], [nome_safra], [ano_inicio], [ano_fim], [periodo_plantio], [periodo_colheita], [status_safra], [data_cadastro]) VALUES (9, N'2018/2019', 2018, 2019, N'Outubro', N'Março', N'Encerrada', CAST(N'2026-06-15T16:04:15.497' AS DateTime))
INSERT [dbo].[Safras] ([id_safra], [nome_safra], [ano_inicio], [ano_fim], [periodo_plantio], [periodo_colheita], [status_safra], [data_cadastro]) VALUES (10, N'2019/2020', 2019, 2020, N'Outubro', N'Março', N'Encerrada', CAST(N'2026-06-15T16:04:15.497' AS DateTime))
INSERT [dbo].[Safras] ([id_safra], [nome_safra], [ano_inicio], [ano_fim], [periodo_plantio], [periodo_colheita], [status_safra], [data_cadastro]) VALUES (11, N'2020/2021', 2020, 2021, N'Outubro', N'Março', N'Encerrada', CAST(N'2026-06-15T16:04:15.497' AS DateTime))
INSERT [dbo].[Safras] ([id_safra], [nome_safra], [ano_inicio], [ano_fim], [periodo_plantio], [periodo_colheita], [status_safra], [data_cadastro]) VALUES (12, N'2021/2022', 2021, 2022, N'Outubro', N'Março', N'Encerrada', CAST(N'2026-06-15T16:04:15.497' AS DateTime))
INSERT [dbo].[Safras] ([id_safra], [nome_safra], [ano_inicio], [ano_fim], [periodo_plantio], [periodo_colheita], [status_safra], [data_cadastro]) VALUES (13, N'2022/2023', 2022, 2023, N'Outubro', N'Março', N'Encerrada', CAST(N'2026-06-15T16:04:15.497' AS DateTime))
INSERT [dbo].[Safras] ([id_safra], [nome_safra], [ano_inicio], [ano_fim], [periodo_plantio], [periodo_colheita], [status_safra], [data_cadastro]) VALUES (14, N'2023/2024', 2023, 2024, N'Outubro', N'Março', N'Encerrada', CAST(N'2026-06-15T16:04:15.497' AS DateTime))
INSERT [dbo].[Safras] ([id_safra], [nome_safra], [ano_inicio], [ano_fim], [periodo_plantio], [periodo_colheita], [status_safra], [data_cadastro]) VALUES (15, N'2024/2025', 2024, 2025, N'Outubro', N'Março', N'Encerrada', CAST(N'2026-06-15T16:04:15.497' AS DateTime))
INSERT [dbo].[Safras] ([id_safra], [nome_safra], [ano_inicio], [ano_fim], [periodo_plantio], [periodo_colheita], [status_safra], [data_cadastro]) VALUES (16, N'2025/2026', 2025, 2026, N'Outubro', N'Março', N'Em andamento', CAST(N'2026-06-15T16:04:15.497' AS DateTime))
INSERT [dbo].[Safras] ([id_safra], [nome_safra], [ano_inicio], [ano_fim], [periodo_plantio], [periodo_colheita], [status_safra], [data_cadastro]) VALUES (17, N'2026/2027', 2026, 2027, N'Outubro', N'Março', N'Planejada', CAST(N'2026-06-15T16:04:15.497' AS DateTime))
INSERT [dbo].[Safras] ([id_safra], [nome_safra], [ano_inicio], [ano_fim], [periodo_plantio], [periodo_colheita], [status_safra], [data_cadastro]) VALUES (18, N'2027/2028', 2027, 2028, N'Outubro', N'Março', N'Planejada', CAST(N'2026-06-15T16:04:15.497' AS DateTime))
INSERT [dbo].[Safras] ([id_safra], [nome_safra], [ano_inicio], [ano_fim], [periodo_plantio], [periodo_colheita], [status_safra], [data_cadastro]) VALUES (19, N'2028/2029', 2028, 2029, N'Outubro', N'Março', N'Planejada', CAST(N'2026-06-15T16:04:15.497' AS DateTime))
INSERT [dbo].[Safras] ([id_safra], [nome_safra], [ano_inicio], [ano_fim], [periodo_plantio], [periodo_colheita], [status_safra], [data_cadastro]) VALUES (20, N'2029/2030', 2029, 2030, N'Outubro', N'Março', N'Planejada', CAST(N'2026-06-15T16:04:15.497' AS DateTime))
INSERT [dbo].[Safras] ([id_safra], [nome_safra], [ano_inicio], [ano_fim], [periodo_plantio], [periodo_colheita], [status_safra], [data_cadastro]) VALUES (21, N'2010 Safrinha', 2010, 2010, N'Janeiro', N'Junho', N'Encerrada', CAST(N'2026-06-15T16:04:15.497' AS DateTime))
INSERT [dbo].[Safras] ([id_safra], [nome_safra], [ano_inicio], [ano_fim], [periodo_plantio], [periodo_colheita], [status_safra], [data_cadastro]) VALUES (22, N'2011 Safrinha', 2011, 2011, N'Janeiro', N'Junho', N'Encerrada', CAST(N'2026-06-15T16:04:15.497' AS DateTime))
INSERT [dbo].[Safras] ([id_safra], [nome_safra], [ano_inicio], [ano_fim], [periodo_plantio], [periodo_colheita], [status_safra], [data_cadastro]) VALUES (23, N'2012 Safrinha', 2012, 2012, N'Janeiro', N'Junho', N'Encerrada', CAST(N'2026-06-15T16:04:15.497' AS DateTime))
INSERT [dbo].[Safras] ([id_safra], [nome_safra], [ano_inicio], [ano_fim], [periodo_plantio], [periodo_colheita], [status_safra], [data_cadastro]) VALUES (24, N'2013 Safrinha', 2013, 2013, N'Janeiro', N'Junho', N'Encerrada', CAST(N'2026-06-15T16:04:15.497' AS DateTime))
INSERT [dbo].[Safras] ([id_safra], [nome_safra], [ano_inicio], [ano_fim], [periodo_plantio], [periodo_colheita], [status_safra], [data_cadastro]) VALUES (25, N'2014 Safrinha', 2014, 2014, N'Janeiro', N'Junho', N'Encerrada', CAST(N'2026-06-15T16:04:15.497' AS DateTime))
INSERT [dbo].[Safras] ([id_safra], [nome_safra], [ano_inicio], [ano_fim], [periodo_plantio], [periodo_colheita], [status_safra], [data_cadastro]) VALUES (26, N'2015 Safrinha', 2015, 2015, N'Janeiro', N'Junho', N'Encerrada', CAST(N'2026-06-15T16:04:15.497' AS DateTime))
INSERT [dbo].[Safras] ([id_safra], [nome_safra], [ano_inicio], [ano_fim], [periodo_plantio], [periodo_colheita], [status_safra], [data_cadastro]) VALUES (27, N'2016 Safrinha', 2016, 2016, N'Janeiro', N'Junho', N'Encerrada', CAST(N'2026-06-15T16:04:15.497' AS DateTime))
INSERT [dbo].[Safras] ([id_safra], [nome_safra], [ano_inicio], [ano_fim], [periodo_plantio], [periodo_colheita], [status_safra], [data_cadastro]) VALUES (28, N'2017 Safrinha', 2017, 2017, N'Janeiro', N'Junho', N'Encerrada', CAST(N'2026-06-15T16:04:15.497' AS DateTime))
INSERT [dbo].[Safras] ([id_safra], [nome_safra], [ano_inicio], [ano_fim], [periodo_plantio], [periodo_colheita], [status_safra], [data_cadastro]) VALUES (29, N'2018 Safrinha', 2018, 2018, N'Janeiro', N'Junho', N'Encerrada', CAST(N'2026-06-15T16:04:15.497' AS DateTime))
INSERT [dbo].[Safras] ([id_safra], [nome_safra], [ano_inicio], [ano_fim], [periodo_plantio], [periodo_colheita], [status_safra], [data_cadastro]) VALUES (30, N'2019 Safrinha', 2019, 2019, N'Janeiro', N'Junho', N'Encerrada', CAST(N'2026-06-15T16:04:15.497' AS DateTime))
SET IDENTITY_INSERT [dbo].[Safras] OFF
GO
SET IDENTITY_INSERT [dbo].[Vendas] ON 

INSERT [dbo].[Vendas] ([id_venda], [id_producao], [comprador], [quantidade_vendida], [preco_unitario], [valor_total], [data_venda], [forma_pagamento], [status_venda], [data_cadastro]) VALUES (1, 1, N'Cargill', CAST(47000.00 AS Decimal(12, 2)), CAST(135.00 AS Decimal(10, 2)), CAST(6345000.00 AS Decimal(14, 2)), CAST(N'2025-03-20' AS Date), N'Transferência', N'Concluída', CAST(N'2026-06-15T19:05:52.830' AS DateTime))
INSERT [dbo].[Vendas] ([id_venda], [id_producao], [comprador], [quantidade_vendida], [preco_unitario], [valor_total], [data_venda], [forma_pagamento], [status_venda], [data_cadastro]) VALUES (2, 2, N'Bunge', CAST(22000.00 AS Decimal(12, 2)), CAST(72.00 AS Decimal(10, 2)), CAST(1584000.00 AS Decimal(14, 2)), CAST(N'2025-03-22' AS Date), N'PIX', N'Concluída', CAST(N'2026-06-15T19:05:52.830' AS DateTime))
INSERT [dbo].[Vendas] ([id_venda], [id_producao], [comprador], [quantidade_vendida], [preco_unitario], [valor_total], [data_venda], [forma_pagamento], [status_venda], [data_cadastro]) VALUES (3, 3, N'COFCO', CAST(87000.00 AS Decimal(12, 2)), CAST(136.50 AS Decimal(10, 2)), CAST(11875500.00 AS Decimal(14, 2)), CAST(N'2025-03-18' AS Date), N'Transferência', N'Concluída', CAST(N'2026-06-15T19:05:52.830' AS DateTime))
INSERT [dbo].[Vendas] ([id_venda], [id_producao], [comprador], [quantidade_vendida], [preco_unitario], [valor_total], [data_venda], [forma_pagamento], [status_venda], [data_cadastro]) VALUES (4, 4, N'Amaggi', CAST(18500.00 AS Decimal(12, 2)), CAST(225.00 AS Decimal(10, 2)), CAST(4162500.00 AS Decimal(14, 2)), CAST(N'2025-03-10' AS Date), N'Boleto', N'Concluída', CAST(N'2026-06-15T19:05:52.830' AS DateTime))
INSERT [dbo].[Vendas] ([id_venda], [id_producao], [comprador], [quantidade_vendida], [preco_unitario], [valor_total], [data_venda], [forma_pagamento], [status_venda], [data_cadastro]) VALUES (5, 5, N'Louis Dreyfus', CAST(50000.00 AS Decimal(12, 2)), CAST(128.00 AS Decimal(10, 2)), CAST(6400000.00 AS Decimal(14, 2)), CAST(N'2025-04-15' AS Date), N'Transferência', N'Concluída', CAST(N'2026-06-15T19:05:52.830' AS DateTime))
INSERT [dbo].[Vendas] ([id_venda], [id_producao], [comprador], [quantidade_vendida], [preco_unitario], [valor_total], [data_venda], [forma_pagamento], [status_venda], [data_cadastro]) VALUES (6, 6, N'Nestlé', CAST(24000.00 AS Decimal(12, 2)), CAST(950.00 AS Decimal(10, 2)), CAST(22800000.00 AS Decimal(14, 2)), CAST(N'2025-07-02' AS Date), N'PIX', N'Concluída', CAST(N'2026-06-15T19:05:52.830' AS DateTime))
INSERT [dbo].[Vendas] ([id_venda], [id_producao], [comprador], [quantidade_vendida], [preco_unitario], [valor_total], [data_venda], [forma_pagamento], [status_venda], [data_cadastro]) VALUES (7, 7, N'Cargill', CAST(62000.00 AS Decimal(12, 2)), CAST(134.00 AS Decimal(10, 2)), CAST(8308000.00 AS Decimal(14, 2)), CAST(N'2025-03-21' AS Date), N'Transferência', N'Concluída', CAST(N'2026-06-15T19:05:52.830' AS DateTime))
INSERT [dbo].[Vendas] ([id_venda], [id_producao], [comprador], [quantidade_vendida], [preco_unitario], [valor_total], [data_venda], [forma_pagamento], [status_venda], [data_cadastro]) VALUES (8, 8, N'Bunge', CAST(130000.00 AS Decimal(12, 2)), CAST(71.50 AS Decimal(10, 2)), CAST(9295000.00 AS Decimal(14, 2)), CAST(N'2025-03-19' AS Date), N'Boleto', N'Concluída', CAST(N'2026-06-15T19:05:52.830' AS DateTime))
INSERT [dbo].[Vendas] ([id_venda], [id_producao], [comprador], [quantidade_vendida], [preco_unitario], [valor_total], [data_venda], [forma_pagamento], [status_venda], [data_cadastro]) VALUES (9, 9, N'Coamo', CAST(25000.00 AS Decimal(12, 2)), CAST(115.00 AS Decimal(10, 2)), CAST(2875000.00 AS Decimal(14, 2)), CAST(N'2025-03-28' AS Date), N'PIX', N'Concluída', CAST(N'2026-06-15T19:05:52.830' AS DateTime))
INSERT [dbo].[Vendas] ([id_venda], [id_producao], [comprador], [quantidade_vendida], [preco_unitario], [valor_total], [data_venda], [forma_pagamento], [status_venda], [data_cadastro]) VALUES (10, 10, N'COFCO', CAST(22500.00 AS Decimal(12, 2)), CAST(135.50 AS Decimal(10, 2)), CAST(3048750.00 AS Decimal(14, 2)), CAST(N'2025-03-20' AS Date), N'Transferência', N'Concluída', CAST(N'2026-06-15T19:05:52.830' AS DateTime))
INSERT [dbo].[Vendas] ([id_venda], [id_producao], [comprador], [quantidade_vendida], [preco_unitario], [valor_total], [data_venda], [forma_pagamento], [status_venda], [data_cadastro]) VALUES (11, 11, N'Cargill', CAST(54000.00 AS Decimal(12, 2)), CAST(72.50 AS Decimal(10, 2)), CAST(3915000.00 AS Decimal(14, 2)), CAST(N'2025-03-25' AS Date), N'Transferência', N'Concluída', CAST(N'2026-06-15T19:05:52.830' AS DateTime))
INSERT [dbo].[Vendas] ([id_venda], [id_producao], [comprador], [quantidade_vendida], [preco_unitario], [valor_total], [data_venda], [forma_pagamento], [status_venda], [data_cadastro]) VALUES (12, 12, N'Bunge', CAST(36000.00 AS Decimal(12, 2)), CAST(108.00 AS Decimal(10, 2)), CAST(3888000.00 AS Decimal(14, 2)), CAST(N'2025-03-30' AS Date), N'PIX', N'Concluída', CAST(N'2026-06-15T19:05:52.830' AS DateTime))
INSERT [dbo].[Vendas] ([id_venda], [id_producao], [comprador], [quantidade_vendida], [preco_unitario], [valor_total], [data_venda], [forma_pagamento], [status_venda], [data_cadastro]) VALUES (13, 13, N'Amaggi', CAST(71000.00 AS Decimal(12, 2)), CAST(136.00 AS Decimal(10, 2)), CAST(9656000.00 AS Decimal(14, 2)), CAST(N'2025-03-17' AS Date), N'Transferência', N'Concluída', CAST(N'2026-06-15T19:05:52.830' AS DateTime))
INSERT [dbo].[Vendas] ([id_venda], [id_producao], [comprador], [quantidade_vendida], [preco_unitario], [valor_total], [data_venda], [forma_pagamento], [status_venda], [data_cadastro]) VALUES (14, 14, N'Coamo', CAST(27000.00 AS Decimal(12, 2)), CAST(223.00 AS Decimal(10, 2)), CAST(6021000.00 AS Decimal(14, 2)), CAST(N'2025-03-12' AS Date), N'Boleto', N'Concluída', CAST(N'2026-06-15T19:05:52.830' AS DateTime))
INSERT [dbo].[Vendas] ([id_venda], [id_producao], [comprador], [quantidade_vendida], [preco_unitario], [valor_total], [data_venda], [forma_pagamento], [status_venda], [data_cadastro]) VALUES (15, 15, N'Louis Dreyfus', CAST(53000.00 AS Decimal(12, 2)), CAST(129.50 AS Decimal(10, 2)), CAST(6863500.00 AS Decimal(14, 2)), CAST(N'2025-04-18' AS Date), N'Transferência', N'Concluída', CAST(N'2026-06-15T19:05:52.830' AS DateTime))
INSERT [dbo].[Vendas] ([id_venda], [id_producao], [comprador], [quantidade_vendida], [preco_unitario], [valor_total], [data_venda], [forma_pagamento], [status_venda], [data_cadastro]) VALUES (16, 16, N'Nestlé', CAST(17500.00 AS Decimal(12, 2)), CAST(960.00 AS Decimal(10, 2)), CAST(16800000.00 AS Decimal(14, 2)), CAST(N'2025-07-05' AS Date), N'PIX', N'Concluída', CAST(N'2026-06-15T19:05:52.830' AS DateTime))
INSERT [dbo].[Vendas] ([id_venda], [id_producao], [comprador], [quantidade_vendida], [preco_unitario], [valor_total], [data_venda], [forma_pagamento], [status_venda], [data_cadastro]) VALUES (17, 17, N'COFCO', CAST(79000.00 AS Decimal(12, 2)), CAST(135.00 AS Decimal(10, 2)), CAST(10665000.00 AS Decimal(14, 2)), CAST(N'2025-03-19' AS Date), N'Transferência', N'Concluída', CAST(N'2026-06-15T19:05:52.830' AS DateTime))
INSERT [dbo].[Vendas] ([id_venda], [id_producao], [comprador], [quantidade_vendida], [preco_unitario], [valor_total], [data_venda], [forma_pagamento], [status_venda], [data_cadastro]) VALUES (18, 18, N'Bunge', CAST(119000.00 AS Decimal(12, 2)), CAST(71.00 AS Decimal(10, 2)), CAST(8449000.00 AS Decimal(14, 2)), CAST(N'2025-03-21' AS Date), N'Boleto', N'Concluída', CAST(N'2026-06-15T19:05:52.830' AS DateTime))
INSERT [dbo].[Vendas] ([id_venda], [id_producao], [comprador], [quantidade_vendida], [preco_unitario], [valor_total], [data_venda], [forma_pagamento], [status_venda], [data_cadastro]) VALUES (19, 19, N'Coamo', CAST(22000.00 AS Decimal(12, 2)), CAST(116.00 AS Decimal(10, 2)), CAST(2552000.00 AS Decimal(14, 2)), CAST(N'2025-03-26' AS Date), N'PIX', N'Concluída', CAST(N'2026-06-15T19:05:52.830' AS DateTime))
INSERT [dbo].[Vendas] ([id_venda], [id_producao], [comprador], [quantidade_vendida], [preco_unitario], [valor_total], [data_venda], [forma_pagamento], [status_venda], [data_cadastro]) VALUES (20, 20, N'Cargill', CAST(27000.00 AS Decimal(12, 2)), CAST(136.50 AS Decimal(10, 2)), CAST(3685500.00 AS Decimal(14, 2)), CAST(N'2025-03-22' AS Date), N'Transferência', N'Concluída', CAST(N'2026-06-15T19:05:52.830' AS DateTime))
INSERT [dbo].[Vendas] ([id_venda], [id_producao], [comprador], [quantidade_vendida], [preco_unitario], [valor_total], [data_venda], [forma_pagamento], [status_venda], [data_cadastro]) VALUES (21, 1, N'Cargill Agrícola S.A.', CAST(48000.00 AS Decimal(12, 2)), CAST(135.50 AS Decimal(10, 2)), CAST(6504000.00 AS Decimal(14, 2)), CAST(N'2025-03-20' AS Date), N'PIX', N'Concluída', CAST(N'2026-06-15T21:27:11.397' AS DateTime))
INSERT [dbo].[Vendas] ([id_venda], [id_producao], [comprador], [quantidade_vendida], [preco_unitario], [valor_total], [data_venda], [forma_pagamento], [status_venda], [data_cadastro]) VALUES (22, 2, N'Bunge Alimentos S.A.', CAST(22800.00 AS Decimal(12, 2)), CAST(82.00 AS Decimal(10, 2)), CAST(1869600.00 AS Decimal(14, 2)), CAST(N'2025-03-22' AS Date), N'Boleto', N'Concluída', CAST(N'2026-06-15T21:27:11.397' AS DateTime))
INSERT [dbo].[Vendas] ([id_venda], [id_producao], [comprador], [quantidade_vendida], [preco_unitario], [valor_total], [data_venda], [forma_pagamento], [status_venda], [data_cadastro]) VALUES (23, 3, N'COFCO International Brasil', CAST(88450.00 AS Decimal(12, 2)), CAST(136.00 AS Decimal(10, 2)), CAST(12029200.00 AS Decimal(14, 2)), CAST(N'2025-03-18' AS Date), N'Transferência', N'Concluída', CAST(N'2026-06-15T21:27:11.397' AS DateTime))
INSERT [dbo].[Vendas] ([id_venda], [id_producao], [comprador], [quantidade_vendida], [preco_unitario], [valor_total], [data_venda], [forma_pagamento], [status_venda], [data_cadastro]) VALUES (24, 4, N'Coamo Agroindustrial Cooperativa', CAST(19500.00 AS Decimal(12, 2)), CAST(255.00 AS Decimal(10, 2)), CAST(4972500.00 AS Decimal(14, 2)), CAST(N'2025-03-05' AS Date), N'PIX', N'Concluída', CAST(N'2026-06-15T21:27:11.397' AS DateTime))
INSERT [dbo].[Vendas] ([id_venda], [id_producao], [comprador], [quantidade_vendida], [preco_unitario], [valor_total], [data_venda], [forma_pagamento], [status_venda], [data_cadastro]) VALUES (25, 5, N'Louis Dreyfus Company Brasil', CAST(51600.00 AS Decimal(12, 2)), CAST(145.00 AS Decimal(10, 2)), CAST(7482000.00 AS Decimal(14, 2)), CAST(N'2025-04-15' AS Date), N'Boleto', N'Concluída', CAST(N'2026-06-15T21:27:11.397' AS DateTime))
INSERT [dbo].[Vendas] ([id_venda], [id_producao], [comprador], [quantidade_vendida], [preco_unitario], [valor_total], [data_venda], [forma_pagamento], [status_venda], [data_cadastro]) VALUES (26, 6, N'Nestlé Brasil Ltda', CAST(24500.00 AS Decimal(12, 2)), CAST(920.00 AS Decimal(10, 2)), CAST(22540000.00 AS Decimal(14, 2)), CAST(N'2025-07-01' AS Date), N'Transferência', N'Concluída', CAST(N'2026-06-15T21:27:11.397' AS DateTime))
INSERT [dbo].[Vendas] ([id_venda], [id_producao], [comprador], [quantidade_vendida], [preco_unitario], [valor_total], [data_venda], [forma_pagamento], [status_venda], [data_cadastro]) VALUES (27, 7, N'Cargill Agrícola S.A.', CAST(63000.00 AS Decimal(12, 2)), CAST(137.00 AS Decimal(10, 2)), CAST(8631000.00 AS Decimal(14, 2)), CAST(N'2025-03-25' AS Date), N'PIX', N'Concluída', CAST(N'2026-06-15T21:27:11.397' AS DateTime))
INSERT [dbo].[Vendas] ([id_venda], [id_producao], [comprador], [quantidade_vendida], [preco_unitario], [valor_total], [data_venda], [forma_pagamento], [status_venda], [data_cadastro]) VALUES (28, 8, N'Bunge Alimentos S.A.', CAST(136400.00 AS Decimal(12, 2)), CAST(84.00 AS Decimal(10, 2)), CAST(11457600.00 AS Decimal(14, 2)), CAST(N'2025-03-23' AS Date), N'Boleto', N'Concluída', CAST(N'2026-06-15T21:27:11.397' AS DateTime))
INSERT [dbo].[Vendas] ([id_venda], [id_producao], [comprador], [quantidade_vendida], [preco_unitario], [valor_total], [data_venda], [forma_pagamento], [status_venda], [data_cadastro]) VALUES (29, 9, N'C.Vale Cooperativa Agroindustrial', CAST(25920.00 AS Decimal(12, 2)), CAST(96.00 AS Decimal(10, 2)), CAST(2488320.00 AS Decimal(14, 2)), CAST(N'2025-03-30' AS Date), N'PIX', N'Concluída', CAST(N'2026-06-15T21:27:11.397' AS DateTime))
INSERT [dbo].[Vendas] ([id_venda], [id_producao], [comprador], [quantidade_vendida], [preco_unitario], [valor_total], [data_venda], [forma_pagamento], [status_venda], [data_cadastro]) VALUES (30, 10, N'Amaggi Exportação e Importação', CAST(23400.00 AS Decimal(12, 2)), CAST(138.00 AS Decimal(10, 2)), CAST(3229200.00 AS Decimal(14, 2)), CAST(N'2025-03-18' AS Date), N'Transferência', N'Concluída', CAST(N'2026-06-15T21:27:11.397' AS DateTime))
INSERT [dbo].[Vendas] ([id_venda], [id_producao], [comprador], [quantidade_vendida], [preco_unitario], [valor_total], [data_venda], [forma_pagamento], [status_venda], [data_cadastro]) VALUES (31, 11, N'BRF S.A.', CAST(55800.00 AS Decimal(12, 2)), CAST(83.50 AS Decimal(10, 2)), CAST(4659300.00 AS Decimal(14, 2)), CAST(N'2025-03-20' AS Date), N'Boleto', N'Concluída', CAST(N'2026-06-15T21:27:11.397' AS DateTime))
INSERT [dbo].[Vendas] ([id_venda], [id_producao], [comprador], [quantidade_vendida], [preco_unitario], [valor_total], [data_venda], [forma_pagamento], [status_venda], [data_cadastro]) VALUES (32, 12, N'Raízen S.A.', CAST(37700.00 AS Decimal(12, 2)), CAST(88.00 AS Decimal(10, 2)), CAST(3317600.00 AS Decimal(14, 2)), CAST(N'2025-03-25' AS Date), N'PIX', N'Concluída', CAST(N'2026-06-15T21:27:11.397' AS DateTime))
INSERT [dbo].[Vendas] ([id_venda], [id_producao], [comprador], [quantidade_vendida], [preco_unitario], [valor_total], [data_venda], [forma_pagamento], [status_venda], [data_cadastro]) VALUES (33, 13, N'ADM do Brasil Ltda', CAST(73160.00 AS Decimal(12, 2)), CAST(136.50 AS Decimal(10, 2)), CAST(9986340.00 AS Decimal(14, 2)), CAST(N'2025-03-19' AS Date), N'Transferência', N'Concluída', CAST(N'2026-06-15T21:27:11.397' AS DateTime))
INSERT [dbo].[Vendas] ([id_venda], [id_producao], [comprador], [quantidade_vendida], [preco_unitario], [valor_total], [data_venda], [forma_pagamento], [status_venda], [data_cadastro]) VALUES (34, 14, N'Coamo Agroindustrial Cooperativa', CAST(28080.00 AS Decimal(12, 2)), CAST(257.00 AS Decimal(10, 2)), CAST(7216560.00 AS Decimal(14, 2)), CAST(N'2025-03-07' AS Date), N'PIX', N'Concluída', CAST(N'2026-06-15T21:27:11.397' AS DateTime))
INSERT [dbo].[Vendas] ([id_venda], [id_producao], [comprador], [quantidade_vendida], [preco_unitario], [valor_total], [data_venda], [forma_pagamento], [status_venda], [data_cadastro]) VALUES (35, 15, N'Caramuru Alimentos S.A.', CAST(54600.00 AS Decimal(12, 2)), CAST(146.00 AS Decimal(10, 2)), CAST(7971600.00 AS Decimal(14, 2)), CAST(N'2025-04-18' AS Date), N'Boleto', N'Concluída', CAST(N'2026-06-15T21:27:11.397' AS DateTime))
INSERT [dbo].[Vendas] ([id_venda], [id_producao], [comprador], [quantidade_vendida], [preco_unitario], [valor_total], [data_venda], [forma_pagamento], [status_venda], [data_cadastro]) VALUES (36, 16, N'Nestlé Brasil Ltda', CAST(18200.00 AS Decimal(12, 2)), CAST(915.00 AS Decimal(10, 2)), CAST(16653000.00 AS Decimal(14, 2)), CAST(N'2025-07-05' AS Date), N'Transferência', N'Concluída', CAST(N'2026-06-15T21:27:11.397' AS DateTime))
INSERT [dbo].[Vendas] ([id_venda], [id_producao], [comprador], [quantidade_vendida], [preco_unitario], [valor_total], [data_venda], [forma_pagamento], [status_venda], [data_cadastro]) VALUES (37, 17, N'LDC Commodities Brasil', CAST(80600.00 AS Decimal(12, 2)), CAST(135.00 AS Decimal(10, 2)), CAST(10881000.00 AS Decimal(14, 2)), CAST(N'2025-03-21' AS Date), N'PIX', N'Concluída', CAST(N'2026-06-15T21:27:11.397' AS DateTime))
INSERT [dbo].[Vendas] ([id_venda], [id_producao], [comprador], [quantidade_vendida], [preco_unitario], [valor_total], [data_venda], [forma_pagamento], [status_venda], [data_cadastro]) VALUES (38, 18, N'COFCO International Brasil', CAST(122000.00 AS Decimal(12, 2)), CAST(84.50 AS Decimal(10, 2)), CAST(10309000.00 AS Decimal(14, 2)), CAST(N'2025-03-24' AS Date), N'Boleto', N'Concluída', CAST(N'2026-06-15T21:27:11.397' AS DateTime))
INSERT [dbo].[Vendas] ([id_venda], [id_producao], [comprador], [quantidade_vendida], [preco_unitario], [valor_total], [data_venda], [forma_pagamento], [status_venda], [data_cadastro]) VALUES (39, 19, N'C.Vale Cooperativa Agroindustrial', CAST(23220.00 AS Decimal(12, 2)), CAST(95.00 AS Decimal(10, 2)), CAST(2205900.00 AS Decimal(14, 2)), CAST(N'2025-03-28' AS Date), N'Transferência', N'Concluída', CAST(N'2026-06-15T21:27:11.397' AS DateTime))
INSERT [dbo].[Vendas] ([id_venda], [id_producao], [comprador], [quantidade_vendida], [preco_unitario], [valor_total], [data_venda], [forma_pagamento], [status_venda], [data_cadastro]) VALUES (40, 20, N'Cargill Agrícola S.A.', CAST(27900.00 AS Decimal(12, 2)), CAST(137.50 AS Decimal(10, 2)), CAST(3836250.00 AS Decimal(14, 2)), CAST(N'2025-03-20' AS Date), N'PIX', N'Concluída', CAST(N'2026-06-15T21:27:11.397' AS DateTime))
INSERT [dbo].[Vendas] ([id_venda], [id_producao], [comprador], [quantidade_vendida], [preco_unitario], [valor_total], [data_venda], [forma_pagamento], [status_venda], [data_cadastro]) VALUES (41, 41, N'Cargill Agrícola S.A.', CAST(61800.00 AS Decimal(12, 2)), CAST(136.90 AS Decimal(10, 2)), CAST(8451420.00 AS Decimal(14, 2)), CAST(N'2025-03-25' AS Date), N'PIX', N'Pendente', CAST(N'2026-06-15T21:29:13.663' AS DateTime))
INSERT [dbo].[Vendas] ([id_venda], [id_producao], [comprador], [quantidade_vendida], [preco_unitario], [valor_total], [data_venda], [forma_pagamento], [status_venda], [data_cadastro]) VALUES (42, 42, N'Bunge Alimentos S.A.', CAST(118000.00 AS Decimal(12, 2)), CAST(84.40 AS Decimal(10, 2)), CAST(9959200.00 AS Decimal(14, 2)), CAST(N'2025-03-24' AS Date), N'Boleto', N'Concluída', CAST(N'2026-06-15T21:29:13.663' AS DateTime))
INSERT [dbo].[Vendas] ([id_venda], [id_producao], [comprador], [quantidade_vendida], [preco_unitario], [valor_total], [data_venda], [forma_pagamento], [status_venda], [data_cadastro]) VALUES (43, 43, N'C.Vale Cooperativa Agroindustrial', CAST(21500.00 AS Decimal(12, 2)), CAST(95.60 AS Decimal(10, 2)), CAST(2055400.00 AS Decimal(14, 2)), CAST(N'2025-03-30' AS Date), N'PIX', N'Concluída', CAST(N'2026-06-15T21:29:13.663' AS DateTime))
INSERT [dbo].[Vendas] ([id_venda], [id_producao], [comprador], [quantidade_vendida], [preco_unitario], [valor_total], [data_venda], [forma_pagamento], [status_venda], [data_cadastro]) VALUES (44, 44, N'Raízen S.A.', CAST(29100.00 AS Decimal(12, 2)), CAST(89.00 AS Decimal(10, 2)), CAST(2589900.00 AS Decimal(14, 2)), CAST(N'2025-03-26' AS Date), N'Transferência', N'Concluída', CAST(N'2026-06-15T21:29:13.663' AS DateTime))
INSERT [dbo].[Vendas] ([id_venda], [id_producao], [comprador], [quantidade_vendida], [preco_unitario], [valor_total], [data_venda], [forma_pagamento], [status_venda], [data_cadastro]) VALUES (45, 45, N'BRF S.A.', CAST(60200.00 AS Decimal(12, 2)), CAST(84.10 AS Decimal(10, 2)), CAST(5062820.00 AS Decimal(14, 2)), CAST(N'2025-03-20' AS Date), N'Boleto', N'Concluída', CAST(N'2026-06-15T21:29:13.663' AS DateTime))
INSERT [dbo].[Vendas] ([id_venda], [id_producao], [comprador], [quantidade_vendida], [preco_unitario], [valor_total], [data_venda], [forma_pagamento], [status_venda], [data_cadastro]) VALUES (46, 46, N'Coamo Agroindustrial Cooperativa', CAST(28700.00 AS Decimal(12, 2)), CAST(258.20 AS Decimal(10, 2)), CAST(7400340.00 AS Decimal(14, 2)), CAST(N'2025-03-09' AS Date), N'PIX', N'Concluída', CAST(N'2026-06-15T21:29:13.663' AS DateTime))
INSERT [dbo].[Vendas] ([id_venda], [id_producao], [comprador], [quantidade_vendida], [preco_unitario], [valor_total], [data_venda], [forma_pagamento], [status_venda], [data_cadastro]) VALUES (47, 47, N'LDC Commodities Brasil', CAST(82200.00 AS Decimal(12, 2)), CAST(136.40 AS Decimal(10, 2)), CAST(11212080.00 AS Decimal(14, 2)), CAST(N'2025-03-22' AS Date), N'Transferência', N'Concluída', CAST(N'2026-06-15T21:29:13.663' AS DateTime))
INSERT [dbo].[Vendas] ([id_venda], [id_producao], [comprador], [quantidade_vendida], [preco_unitario], [valor_total], [data_venda], [forma_pagamento], [status_venda], [data_cadastro]) VALUES (48, 48, N'Nestlé Brasil Ltda', CAST(18400.00 AS Decimal(12, 2)), CAST(919.00 AS Decimal(10, 2)), CAST(16909600.00 AS Decimal(14, 2)), CAST(N'2025-07-05' AS Date), N'PIX', N'Concluída', CAST(N'2026-06-15T21:29:13.663' AS DateTime))
INSERT [dbo].[Vendas] ([id_venda], [id_producao], [comprador], [quantidade_vendida], [preco_unitario], [valor_total], [data_venda], [forma_pagamento], [status_venda], [data_cadastro]) VALUES (49, 49, N'Cargill Agrícola S.A.', CAST(33400.00 AS Decimal(12, 2)), CAST(138.10 AS Decimal(10, 2)), CAST(4612540.00 AS Decimal(14, 2)), CAST(N'2025-03-21' AS Date), N'PIX', N'Cancelada', CAST(N'2026-06-15T21:29:13.663' AS DateTime))
INSERT [dbo].[Vendas] ([id_venda], [id_producao], [comprador], [quantidade_vendida], [preco_unitario], [valor_total], [data_venda], [forma_pagamento], [status_venda], [data_cadastro]) VALUES (50, 50, N'Bunge Alimentos S.A.', CAST(57300.00 AS Decimal(12, 2)), CAST(83.90 AS Decimal(10, 2)), CAST(4807470.00 AS Decimal(14, 2)), CAST(N'2025-03-23' AS Date), N'Boleto', N'Concluída', CAST(N'2026-06-15T21:29:13.663' AS DateTime))
INSERT [dbo].[Vendas] ([id_venda], [id_producao], [comprador], [quantidade_vendida], [preco_unitario], [valor_total], [data_venda], [forma_pagamento], [status_venda], [data_cadastro]) VALUES (51, 51, N'COFCO International Brasil', CAST(75400.00 AS Decimal(12, 2)), CAST(135.80 AS Decimal(10, 2)), CAST(10239320.00 AS Decimal(14, 2)), CAST(N'2025-03-19' AS Date), N'Transferência', N'Concluída', CAST(N'2026-06-15T21:29:13.663' AS DateTime))
INSERT [dbo].[Vendas] ([id_venda], [id_producao], [comprador], [quantidade_vendida], [preco_unitario], [valor_total], [data_venda], [forma_pagamento], [status_venda], [data_cadastro]) VALUES (52, 52, N'Amaggi Exportação e Importação', CAST(26300.00 AS Decimal(12, 2)), CAST(257.20 AS Decimal(10, 2)), CAST(6764360.00 AS Decimal(14, 2)), CAST(N'2025-03-11' AS Date), N'PIX', N'Concluída', CAST(N'2026-06-15T21:29:13.663' AS DateTime))
INSERT [dbo].[Vendas] ([id_venda], [id_producao], [comprador], [quantidade_vendida], [preco_unitario], [valor_total], [data_venda], [forma_pagamento], [status_venda], [data_cadastro]) VALUES (53, 53, N'ADM do Brasil Ltda', CAST(54700.00 AS Decimal(12, 2)), CAST(146.30 AS Decimal(10, 2)), CAST(8004610.00 AS Decimal(14, 2)), CAST(N'2025-04-18' AS Date), N'Boleto', N'Pendente', CAST(N'2026-06-15T21:29:13.663' AS DateTime))
INSERT [dbo].[Vendas] ([id_venda], [id_producao], [comprador], [quantidade_vendida], [preco_unitario], [valor_total], [data_venda], [forma_pagamento], [status_venda], [data_cadastro]) VALUES (54, 54, N'Caramuru Alimentos S.A.', CAST(19300.00 AS Decimal(12, 2)), CAST(924.00 AS Decimal(10, 2)), CAST(17833200.00 AS Decimal(14, 2)), CAST(N'2025-07-04' AS Date), N'Transferência', N'Concluída', CAST(N'2026-06-15T21:29:13.663' AS DateTime))
INSERT [dbo].[Vendas] ([id_venda], [id_producao], [comprador], [quantidade_vendida], [preco_unitario], [valor_total], [data_venda], [forma_pagamento], [status_venda], [data_cadastro]) VALUES (55, 55, N'Louis Dreyfus Company Brasil', CAST(63800.00 AS Decimal(12, 2)), CAST(137.20 AS Decimal(10, 2)), CAST(8755360.00 AS Decimal(14, 2)), CAST(N'2025-03-24' AS Date), N'PIX', N'Concluída', CAST(N'2026-06-15T21:29:13.663' AS DateTime))
INSERT [dbo].[Vendas] ([id_venda], [id_producao], [comprador], [quantidade_vendida], [preco_unitario], [valor_total], [data_venda], [forma_pagamento], [status_venda], [data_cadastro]) VALUES (56, 56, N'COFCO International Brasil', CAST(126500.00 AS Decimal(12, 2)), CAST(84.70 AS Decimal(10, 2)), CAST(10714550.00 AS Decimal(14, 2)), CAST(N'2025-03-25' AS Date), N'Boleto', N'Concluída', CAST(N'2026-06-15T21:29:13.663' AS DateTime))
INSERT [dbo].[Vendas] ([id_venda], [id_producao], [comprador], [quantidade_vendida], [preco_unitario], [valor_total], [data_venda], [forma_pagamento], [status_venda], [data_cadastro]) VALUES (57, 57, N'C.Vale Cooperativa Agroindustrial', CAST(22800.00 AS Decimal(12, 2)), CAST(95.30 AS Decimal(10, 2)), CAST(2172840.00 AS Decimal(14, 2)), CAST(N'2025-03-31' AS Date), N'PIX', N'Concluída', CAST(N'2026-06-15T21:29:13.663' AS DateTime))
INSERT [dbo].[Vendas] ([id_venda], [id_producao], [comprador], [quantidade_vendida], [preco_unitario], [valor_total], [data_venda], [forma_pagamento], [status_venda], [data_cadastro]) VALUES (58, 58, N'Raízen S.A.', CAST(30400.00 AS Decimal(12, 2)), CAST(88.80 AS Decimal(10, 2)), CAST(2699520.00 AS Decimal(14, 2)), CAST(N'2025-03-27' AS Date), N'Transferência', N'Concluída', CAST(N'2026-06-15T21:29:13.663' AS DateTime))
INSERT [dbo].[Vendas] ([id_venda], [id_producao], [comprador], [quantidade_vendida], [preco_unitario], [valor_total], [data_venda], [forma_pagamento], [status_venda], [data_cadastro]) VALUES (59, 59, N'BRF S.A.', CAST(61400.00 AS Decimal(12, 2)), CAST(84.00 AS Decimal(10, 2)), CAST(5157600.00 AS Decimal(14, 2)), CAST(N'2025-03-21' AS Date), N'Boleto', N'Cancelada', CAST(N'2026-06-15T21:29:13.663' AS DateTime))
INSERT [dbo].[Vendas] ([id_venda], [id_producao], [comprador], [quantidade_vendida], [preco_unitario], [valor_total], [data_venda], [forma_pagamento], [status_venda], [data_cadastro]) VALUES (60, 60, N'Coamo Agroindustrial Cooperativa', CAST(29500.00 AS Decimal(12, 2)), CAST(258.50 AS Decimal(10, 2)), CAST(7625750.00 AS Decimal(14, 2)), CAST(N'2025-03-10' AS Date), N'PIX', N'Concluída', CAST(N'2026-06-15T21:29:13.663' AS DateTime))
INSERT [dbo].[Vendas] ([id_venda], [id_producao], [comprador], [quantidade_vendida], [preco_unitario], [valor_total], [data_venda], [forma_pagamento], [status_venda], [data_cadastro]) VALUES (61, 61, N'LDC Commodities Brasil', CAST(83500.00 AS Decimal(12, 2)), CAST(136.60 AS Decimal(10, 2)), CAST(11406100.00 AS Decimal(14, 2)), CAST(N'2025-03-23' AS Date), N'Transferência', N'Concluída', CAST(N'2026-06-15T21:30:58.670' AS DateTime))
INSERT [dbo].[Vendas] ([id_venda], [id_producao], [comprador], [quantidade_vendida], [preco_unitario], [valor_total], [data_venda], [forma_pagamento], [status_venda], [data_cadastro]) VALUES (62, 62, N'Nestlé Brasil Ltda', CAST(18800.00 AS Decimal(12, 2)), CAST(921.00 AS Decimal(10, 2)), CAST(17314800.00 AS Decimal(14, 2)), CAST(N'2025-07-06' AS Date), N'PIX', N'Concluída', CAST(N'2026-06-15T21:30:58.670' AS DateTime))
INSERT [dbo].[Vendas] ([id_venda], [id_producao], [comprador], [quantidade_vendida], [preco_unitario], [valor_total], [data_venda], [forma_pagamento], [status_venda], [data_cadastro]) VALUES (63, 63, N'Cargill Agrícola S.A.', CAST(34100.00 AS Decimal(12, 2)), CAST(138.40 AS Decimal(10, 2)), CAST(4719440.00 AS Decimal(14, 2)), CAST(N'2025-03-22' AS Date), N'PIX', N'Concluída', CAST(N'2026-06-15T21:30:58.670' AS DateTime))
INSERT [dbo].[Vendas] ([id_venda], [id_producao], [comprador], [quantidade_vendida], [preco_unitario], [valor_total], [data_venda], [forma_pagamento], [status_venda], [data_cadastro]) VALUES (64, 64, N'Bunge Alimentos S.A.', CAST(58100.00 AS Decimal(12, 2)), CAST(84.20 AS Decimal(10, 2)), CAST(4896020.00 AS Decimal(14, 2)), CAST(N'2025-03-24' AS Date), N'Boleto', N'Concluída', CAST(N'2026-06-15T21:30:58.670' AS DateTime))
INSERT [dbo].[Vendas] ([id_venda], [id_producao], [comprador], [quantidade_vendida], [preco_unitario], [valor_total], [data_venda], [forma_pagamento], [status_venda], [data_cadastro]) VALUES (65, 65, N'COFCO International Brasil', CAST(76200.00 AS Decimal(12, 2)), CAST(136.10 AS Decimal(10, 2)), CAST(10370820.00 AS Decimal(14, 2)), CAST(N'2025-03-20' AS Date), N'Transferência', N'Concluída', CAST(N'2026-06-15T21:30:58.670' AS DateTime))
INSERT [dbo].[Vendas] ([id_venda], [id_producao], [comprador], [quantidade_vendida], [preco_unitario], [valor_total], [data_venda], [forma_pagamento], [status_venda], [data_cadastro]) VALUES (66, 66, N'Amaggi Exportação e Importação', CAST(27100.00 AS Decimal(12, 2)), CAST(257.80 AS Decimal(10, 2)), CAST(6986380.00 AS Decimal(14, 2)), CAST(N'2025-03-12' AS Date), N'PIX', N'Concluída', CAST(N'2026-06-15T21:30:58.670' AS DateTime))
INSERT [dbo].[Vendas] ([id_venda], [id_producao], [comprador], [quantidade_vendida], [preco_unitario], [valor_total], [data_venda], [forma_pagamento], [status_venda], [data_cadastro]) VALUES (67, 67, N'ADM do Brasil Ltda', CAST(55900.00 AS Decimal(12, 2)), CAST(146.50 AS Decimal(10, 2)), CAST(8189350.00 AS Decimal(14, 2)), CAST(N'2025-04-20' AS Date), N'Boleto', N'Concluída', CAST(N'2026-06-15T21:30:58.670' AS DateTime))
INSERT [dbo].[Vendas] ([id_venda], [id_producao], [comprador], [quantidade_vendida], [preco_unitario], [valor_total], [data_venda], [forma_pagamento], [status_venda], [data_cadastro]) VALUES (68, 68, N'Caramuru Alimentos S.A.', CAST(19700.00 AS Decimal(12, 2)), CAST(926.00 AS Decimal(10, 2)), CAST(18242200.00 AS Decimal(14, 2)), CAST(N'2025-07-07' AS Date), N'Transferência', N'Concluída', CAST(N'2026-06-15T21:30:58.670' AS DateTime))
INSERT [dbo].[Vendas] ([id_venda], [id_producao], [comprador], [quantidade_vendida], [preco_unitario], [valor_total], [data_venda], [forma_pagamento], [status_venda], [data_cadastro]) VALUES (69, 69, N'Louis Dreyfus Company Brasil', CAST(64900.00 AS Decimal(12, 2)), CAST(137.40 AS Decimal(10, 2)), CAST(8917260.00 AS Decimal(14, 2)), CAST(N'2025-03-25' AS Date), N'PIX', N'Concluída', CAST(N'2026-06-15T21:30:58.670' AS DateTime))
INSERT [dbo].[Vendas] ([id_venda], [id_producao], [comprador], [quantidade_vendida], [preco_unitario], [valor_total], [data_venda], [forma_pagamento], [status_venda], [data_cadastro]) VALUES (70, 70, N'COFCO International Brasil', CAST(128400.00 AS Decimal(12, 2)), CAST(84.90 AS Decimal(10, 2)), CAST(10901160.00 AS Decimal(14, 2)), CAST(N'2025-03-26' AS Date), N'Boleto', N'Concluída', CAST(N'2026-06-15T21:30:58.670' AS DateTime))
INSERT [dbo].[Vendas] ([id_venda], [id_producao], [comprador], [quantidade_vendida], [preco_unitario], [valor_total], [data_venda], [forma_pagamento], [status_venda], [data_cadastro]) VALUES (71, 71, N'C.Vale Cooperativa Agroindustrial', CAST(23600.00 AS Decimal(12, 2)), CAST(95.50 AS Decimal(10, 2)), CAST(2253800.00 AS Decimal(14, 2)), CAST(N'2025-04-01' AS Date), N'PIX', N'Concluída', CAST(N'2026-06-15T21:30:58.670' AS DateTime))
INSERT [dbo].[Vendas] ([id_venda], [id_producao], [comprador], [quantidade_vendida], [preco_unitario], [valor_total], [data_venda], [forma_pagamento], [status_venda], [data_cadastro]) VALUES (72, 72, N'Raízen S.A.', CAST(31200.00 AS Decimal(12, 2)), CAST(89.10 AS Decimal(10, 2)), CAST(2779920.00 AS Decimal(14, 2)), CAST(N'2025-03-28' AS Date), N'Transferência', N'Concluída', CAST(N'2026-06-15T21:30:58.670' AS DateTime))
INSERT [dbo].[Vendas] ([id_venda], [id_producao], [comprador], [quantidade_vendida], [preco_unitario], [valor_total], [data_venda], [forma_pagamento], [status_venda], [data_cadastro]) VALUES (73, 73, N'BRF S.A.', CAST(62800.00 AS Decimal(12, 2)), CAST(84.30 AS Decimal(10, 2)), CAST(5294040.00 AS Decimal(14, 2)), CAST(N'2025-03-22' AS Date), N'Boleto', N'Pendente', CAST(N'2026-06-15T21:30:58.670' AS DateTime))
INSERT [dbo].[Vendas] ([id_venda], [id_producao], [comprador], [quantidade_vendida], [preco_unitario], [valor_total], [data_venda], [forma_pagamento], [status_venda], [data_cadastro]) VALUES (74, 74, N'Coamo Agroindustrial Cooperativa', CAST(30200.00 AS Decimal(12, 2)), CAST(258.90 AS Decimal(10, 2)), CAST(7818780.00 AS Decimal(14, 2)), CAST(N'2025-03-11' AS Date), N'PIX', N'Concluída', CAST(N'2026-06-15T21:30:58.670' AS DateTime))
INSERT [dbo].[Vendas] ([id_venda], [id_producao], [comprador], [quantidade_vendida], [preco_unitario], [valor_total], [data_venda], [forma_pagamento], [status_venda], [data_cadastro]) VALUES (75, 75, N'LDC Commodities Brasil', CAST(84700.00 AS Decimal(12, 2)), CAST(136.80 AS Decimal(10, 2)), CAST(11586960.00 AS Decimal(14, 2)), CAST(N'2025-03-24' AS Date), N'Transferência', N'Concluída', CAST(N'2026-06-15T21:30:58.670' AS DateTime))
INSERT [dbo].[Vendas] ([id_venda], [id_producao], [comprador], [quantidade_vendida], [preco_unitario], [valor_total], [data_venda], [forma_pagamento], [status_venda], [data_cadastro]) VALUES (76, 76, N'Nestlé Brasil Ltda', CAST(19100.00 AS Decimal(12, 2)), CAST(923.00 AS Decimal(10, 2)), CAST(17629300.00 AS Decimal(14, 2)), CAST(N'2025-07-08' AS Date), N'PIX', N'Concluída', CAST(N'2026-06-15T21:30:58.670' AS DateTime))
INSERT [dbo].[Vendas] ([id_venda], [id_producao], [comprador], [quantidade_vendida], [preco_unitario], [valor_total], [data_venda], [forma_pagamento], [status_venda], [data_cadastro]) VALUES (77, 77, N'Cargill Agrícola S.A.', CAST(35200.00 AS Decimal(12, 2)), CAST(138.30 AS Decimal(10, 2)), CAST(4868160.00 AS Decimal(14, 2)), CAST(N'2025-03-23' AS Date), N'PIX', N'Concluída', CAST(N'2026-06-15T21:30:58.670' AS DateTime))
INSERT [dbo].[Vendas] ([id_venda], [id_producao], [comprador], [quantidade_vendida], [preco_unitario], [valor_total], [data_venda], [forma_pagamento], [status_venda], [data_cadastro]) VALUES (78, 78, N'Bunge Alimentos S.A.', CAST(59400.00 AS Decimal(12, 2)), CAST(84.10 AS Decimal(10, 2)), CAST(4995540.00 AS Decimal(14, 2)), CAST(N'2025-03-25' AS Date), N'Boleto', N'Cancelada', CAST(N'2026-06-15T21:30:58.670' AS DateTime))
INSERT [dbo].[Vendas] ([id_venda], [id_producao], [comprador], [quantidade_vendida], [preco_unitario], [valor_total], [data_venda], [forma_pagamento], [status_venda], [data_cadastro]) VALUES (79, 79, N'COFCO International Brasil', CAST(77800.00 AS Decimal(12, 2)), CAST(136.20 AS Decimal(10, 2)), CAST(10596360.00 AS Decimal(14, 2)), CAST(N'2025-03-21' AS Date), N'Transferência', N'Concluída', CAST(N'2026-06-15T21:30:58.670' AS DateTime))
INSERT [dbo].[Vendas] ([id_venda], [id_producao], [comprador], [quantidade_vendida], [preco_unitario], [valor_total], [data_venda], [forma_pagamento], [status_venda], [data_cadastro]) VALUES (80, 80, N'Amaggi Exportação e Importação', CAST(27800.00 AS Decimal(12, 2)), CAST(258.00 AS Decimal(10, 2)), CAST(7172400.00 AS Decimal(14, 2)), CAST(N'2025-03-13' AS Date), N'PIX', N'Concluída', CAST(N'2026-06-15T21:30:58.670' AS DateTime))
INSERT [dbo].[Vendas] ([id_venda], [id_producao], [comprador], [quantidade_vendida], [preco_unitario], [valor_total], [data_venda], [forma_pagamento], [status_venda], [data_cadastro]) VALUES (81, 81, N'ADM do Brasil Ltda', CAST(56700.00 AS Decimal(12, 2)), CAST(146.80 AS Decimal(10, 2)), CAST(8323560.00 AS Decimal(14, 2)), CAST(N'2025-04-21' AS Date), N'Boleto', N'Concluída', CAST(N'2026-06-15T21:30:58.670' AS DateTime))
INSERT [dbo].[Vendas] ([id_venda], [id_producao], [comprador], [quantidade_vendida], [preco_unitario], [valor_total], [data_venda], [forma_pagamento], [status_venda], [data_cadastro]) VALUES (82, 82, N'Caramuru Alimentos S.A.', CAST(20100.00 AS Decimal(12, 2)), CAST(928.00 AS Decimal(10, 2)), CAST(18652800.00 AS Decimal(14, 2)), CAST(N'2025-07-09' AS Date), N'Transferência', N'Concluída', CAST(N'2026-06-15T21:30:58.670' AS DateTime))
INSERT [dbo].[Vendas] ([id_venda], [id_producao], [comprador], [quantidade_vendida], [preco_unitario], [valor_total], [data_venda], [forma_pagamento], [status_venda], [data_cadastro]) VALUES (83, 83, N'Louis Dreyfus Company Brasil', CAST(66100.00 AS Decimal(12, 2)), CAST(137.60 AS Decimal(10, 2)), CAST(9095360.00 AS Decimal(14, 2)), CAST(N'2025-03-26' AS Date), N'PIX', N'Concluída', CAST(N'2026-06-15T21:30:58.670' AS DateTime))
INSERT [dbo].[Vendas] ([id_venda], [id_producao], [comprador], [quantidade_vendida], [preco_unitario], [valor_total], [data_venda], [forma_pagamento], [status_venda], [data_cadastro]) VALUES (84, 84, N'COFCO International Brasil', CAST(130200.00 AS Decimal(12, 2)), CAST(85.00 AS Decimal(10, 2)), CAST(11067000.00 AS Decimal(14, 2)), CAST(N'2025-03-27' AS Date), N'Boleto', N'Concluída', CAST(N'2026-06-15T21:30:58.670' AS DateTime))
INSERT [dbo].[Vendas] ([id_venda], [id_producao], [comprador], [quantidade_vendida], [preco_unitario], [valor_total], [data_venda], [forma_pagamento], [status_venda], [data_cadastro]) VALUES (85, 85, N'C.Vale Cooperativa Agroindustrial', CAST(24100.00 AS Decimal(12, 2)), CAST(95.70 AS Decimal(10, 2)), CAST(2306370.00 AS Decimal(14, 2)), CAST(N'2025-04-02' AS Date), N'PIX', N'Concluída', CAST(N'2026-06-15T21:30:58.670' AS DateTime))
INSERT [dbo].[Vendas] ([id_venda], [id_producao], [comprador], [quantidade_vendida], [preco_unitario], [valor_total], [data_venda], [forma_pagamento], [status_venda], [data_cadastro]) VALUES (86, 86, N'Raízen S.A.', CAST(31900.00 AS Decimal(12, 2)), CAST(89.30 AS Decimal(10, 2)), CAST(2848670.00 AS Decimal(14, 2)), CAST(N'2025-03-29' AS Date), N'Transferência', N'Pendente', CAST(N'2026-06-15T21:30:58.670' AS DateTime))
INSERT [dbo].[Vendas] ([id_venda], [id_producao], [comprador], [quantidade_vendida], [preco_unitario], [valor_total], [data_venda], [forma_pagamento], [status_venda], [data_cadastro]) VALUES (87, 87, N'BRF S.A.', CAST(63500.00 AS Decimal(12, 2)), CAST(84.50 AS Decimal(10, 2)), CAST(5365750.00 AS Decimal(14, 2)), CAST(N'2025-03-23' AS Date), N'Boleto', N'Concluída', CAST(N'2026-06-15T21:30:58.670' AS DateTime))
INSERT [dbo].[Vendas] ([id_venda], [id_producao], [comprador], [quantidade_vendida], [preco_unitario], [valor_total], [data_venda], [forma_pagamento], [status_venda], [data_cadastro]) VALUES (88, 88, N'Coamo Agroindustrial Cooperativa', CAST(31100.00 AS Decimal(12, 2)), CAST(259.20 AS Decimal(10, 2)), CAST(8061120.00 AS Decimal(14, 2)), CAST(N'2025-03-12' AS Date), N'PIX', N'Concluída', CAST(N'2026-06-15T21:30:58.670' AS DateTime))
INSERT [dbo].[Vendas] ([id_venda], [id_producao], [comprador], [quantidade_vendida], [preco_unitario], [valor_total], [data_venda], [forma_pagamento], [status_venda], [data_cadastro]) VALUES (89, 89, N'LDC Commodities Brasil', CAST(85400.00 AS Decimal(12, 2)), CAST(137.00 AS Decimal(10, 2)), CAST(11699800.00 AS Decimal(14, 2)), CAST(N'2025-03-25' AS Date), N'Transferência', N'Concluída', CAST(N'2026-06-15T21:30:58.670' AS DateTime))
INSERT [dbo].[Vendas] ([id_venda], [id_producao], [comprador], [quantidade_vendida], [preco_unitario], [valor_total], [data_venda], [forma_pagamento], [status_venda], [data_cadastro]) VALUES (90, 90, N'Nestlé Brasil Ltda', CAST(19400.00 AS Decimal(12, 2)), CAST(925.00 AS Decimal(10, 2)), CAST(17945000.00 AS Decimal(14, 2)), CAST(N'2025-07-10' AS Date), N'PIX', N'Concluída', CAST(N'2026-06-15T21:30:58.670' AS DateTime))
INSERT [dbo].[Vendas] ([id_venda], [id_producao], [comprador], [quantidade_vendida], [preco_unitario], [valor_total], [data_venda], [forma_pagamento], [status_venda], [data_cadastro]) VALUES (91, 91, N'Cargill Agrícola S.A.', CAST(36000.00 AS Decimal(12, 2)), CAST(138.50 AS Decimal(10, 2)), CAST(4986000.00 AS Decimal(14, 2)), CAST(N'2025-03-24' AS Date), N'PIX', N'Concluída', CAST(N'2026-06-15T21:30:58.670' AS DateTime))
INSERT [dbo].[Vendas] ([id_venda], [id_producao], [comprador], [quantidade_vendida], [preco_unitario], [valor_total], [data_venda], [forma_pagamento], [status_venda], [data_cadastro]) VALUES (92, 92, N'Bunge Alimentos S.A.', CAST(60700.00 AS Decimal(12, 2)), CAST(84.40 AS Decimal(10, 2)), CAST(5123080.00 AS Decimal(14, 2)), CAST(N'2025-03-26' AS Date), N'Boleto', N'Concluída', CAST(N'2026-06-15T21:30:58.670' AS DateTime))
INSERT [dbo].[Vendas] ([id_venda], [id_producao], [comprador], [quantidade_vendida], [preco_unitario], [valor_total], [data_venda], [forma_pagamento], [status_venda], [data_cadastro]) VALUES (93, 93, N'COFCO International Brasil', CAST(78900.00 AS Decimal(12, 2)), CAST(136.40 AS Decimal(10, 2)), CAST(10761960.00 AS Decimal(14, 2)), CAST(N'2025-03-22' AS Date), N'Transferência', N'Concluída', CAST(N'2026-06-15T21:30:58.670' AS DateTime))
INSERT [dbo].[Vendas] ([id_venda], [id_producao], [comprador], [quantidade_vendida], [preco_unitario], [valor_total], [data_venda], [forma_pagamento], [status_venda], [data_cadastro]) VALUES (94, 94, N'Amaggi Exportação e Importação', CAST(28400.00 AS Decimal(12, 2)), CAST(258.30 AS Decimal(10, 2)), CAST(7335720.00 AS Decimal(14, 2)), CAST(N'2025-03-14' AS Date), N'PIX', N'Concluída', CAST(N'2026-06-15T21:30:58.670' AS DateTime))
INSERT [dbo].[Vendas] ([id_venda], [id_producao], [comprador], [quantidade_vendida], [preco_unitario], [valor_total], [data_venda], [forma_pagamento], [status_venda], [data_cadastro]) VALUES (95, 95, N'ADM do Brasil Ltda', CAST(57600.00 AS Decimal(12, 2)), CAST(147.00 AS Decimal(10, 2)), CAST(8467200.00 AS Decimal(14, 2)), CAST(N'2025-04-22' AS Date), N'Boleto', N'Concluída', CAST(N'2026-06-15T21:30:58.670' AS DateTime))
INSERT [dbo].[Vendas] ([id_venda], [id_producao], [comprador], [quantidade_vendida], [preco_unitario], [valor_total], [data_venda], [forma_pagamento], [status_venda], [data_cadastro]) VALUES (96, 96, N'Caramuru Alimentos S.A.', CAST(20500.00 AS Decimal(12, 2)), CAST(930.00 AS Decimal(10, 2)), CAST(19065000.00 AS Decimal(14, 2)), CAST(N'2025-07-11' AS Date), N'Transferência', N'Cancelada', CAST(N'2026-06-15T21:30:58.670' AS DateTime))
INSERT [dbo].[Vendas] ([id_venda], [id_producao], [comprador], [quantidade_vendida], [preco_unitario], [valor_total], [data_venda], [forma_pagamento], [status_venda], [data_cadastro]) VALUES (97, 97, N'Louis Dreyfus Company Brasil', CAST(67200.00 AS Decimal(12, 2)), CAST(137.80 AS Decimal(10, 2)), CAST(9260160.00 AS Decimal(14, 2)), CAST(N'2025-03-27' AS Date), N'PIX', N'Concluída', CAST(N'2026-06-15T21:30:58.670' AS DateTime))
INSERT [dbo].[Vendas] ([id_venda], [id_producao], [comprador], [quantidade_vendida], [preco_unitario], [valor_total], [data_venda], [forma_pagamento], [status_venda], [data_cadastro]) VALUES (98, 98, N'COFCO International Brasil', CAST(131800.00 AS Decimal(12, 2)), CAST(85.10 AS Decimal(10, 2)), CAST(11216180.00 AS Decimal(14, 2)), CAST(N'2025-03-28' AS Date), N'Boleto', N'Concluída', CAST(N'2026-06-15T21:30:58.670' AS DateTime))
INSERT [dbo].[Vendas] ([id_venda], [id_producao], [comprador], [quantidade_vendida], [preco_unitario], [valor_total], [data_venda], [forma_pagamento], [status_venda], [data_cadastro]) VALUES (99, 99, N'C.Vale Cooperativa Agroindustrial', CAST(24700.00 AS Decimal(12, 2)), CAST(95.80 AS Decimal(10, 2)), CAST(2366260.00 AS Decimal(14, 2)), CAST(N'2025-04-03' AS Date), N'PIX', N'Concluída', CAST(N'2026-06-15T21:30:58.670' AS DateTime))
GO
INSERT [dbo].[Vendas] ([id_venda], [id_producao], [comprador], [quantidade_vendida], [preco_unitario], [valor_total], [data_venda], [forma_pagamento], [status_venda], [data_cadastro]) VALUES (100, 100, N'Raízen S.A.', CAST(32500.00 AS Decimal(12, 2)), CAST(89.50 AS Decimal(10, 2)), CAST(2908750.00 AS Decimal(14, 2)), CAST(N'2025-03-30' AS Date), N'Transferência', N'Concluída', CAST(N'2026-06-15T21:30:58.670' AS DateTime))
SET IDENTITY_INSERT [dbo].[Vendas] OFF
GO
